event,outcome,variable,n_pos,n_neg,med_pos,iqr_pos,med_neg,iqr_neg,mean_pos,mean_neg,cohen_d,auc,auc_lo,auc_hi,meaningful
fav_0p5,reach_plus2,t_since_t0_s,2220,2299,52.0,"[21.0, 121.0]",58.0,"[24.0, 142.5]",101.52027027027027,111.90691605045672,-0.07369472720808481,0.4713433964630137,0.454098442245153,0.4880218495933177,False
fav_0p5,reach_plus2,s_from_prev_level,2220,2299,52.0,"[21.0, 121.0]",58.0,"[24.0, 142.5]",101.52027027027027,111.90691605045672,-0.07369472720808481,0.4713433964630137,0.454098442245153,0.4880218495933177,False
fav_0p5,reach_plus2,mae_through_touch,2220,2299,0.30302769850169875,"[0.10804255309752746, 0.6619352373463975]",0.3122920402034712,"[0.11018736718830185, 0.7001182450919003]",0.4675966028393237,0.4671060545885459,0.0009937234426265573,0.4920962502302215,0.47680746120705686,0.5068414674582515,False
fav_0p5,reach_plus2,adv0p5_before,2220,2299,0.0,"[0.0, 1.0]",0.0,"[0.0, 1.0]",0.34144144144144145,0.3562418442801218,-0.031048091083115945,0.49259979858065983,0.4797724340178761,0.505953194275835,False
fav_0p5,reach_plus2,adv1_before,2220,2299,0.0,"[0.0, 0.0]",0.0,"[0.0, 0.0]",0.13603603603603603,0.1322314049586777,0.011162829627469456,0.5019023155386791,0.4932007808432906,0.5104768707299073,False
fav_0p5,reach_plus2,aligned_5m,2133,2227,0.0,"[0.0, 1.0]",0.0,"[0.0, 1.0]",0.4219409282700422,0.4126627750336776,0.018812604632069577,0.5046390766181823,0.4890569877897674,0.5200459614512287,False
fav_0p5,reach_plus2,aligned_15m,2135,2228,0.0,"[0.0, 1.0]",0.0,"[0.0, 1.0]",0.46510538641686183,0.46768402154398564,-0.00516777146230582,0.49871068243643807,0.4825212524663923,0.5139300515637292,False
fav_0p5,reach_plus2,aligned_1h,2136,2228,0.0,"[0.0, 1.0]",0.0,"[0.0, 1.0]",0.49859550561797755,0.4874326750448833,0.02232418825468189,0.5055814152865471,0.49085418978606826,0.5208674625180122,False
fav_0p5,reach_plus2,trans_5m,2133,2227,0.0,"[0.0, 0.0]",0.0,"[0.0, 0.0]",0.008907641819034223,0.00224517287831163,0.09011814137398001,0.5033312344703613,0.5010951131561306,0.5054650684418907,False
fav_0p5,reach_plus3,t_since_t0_s,1440,3079,52.0,"[20.0, 120.0]",56.0,"[23.0, 138.0]",100.6875,109.66515102305944,-0.06368253530107207,0.47592032496120673,0.4580702737167666,0.49460208508472825,False
fav_0p5,reach_plus3,s_from_prev_level,1440,3079,52.0,"[20.0, 120.0]",56.0,"[23.0, 138.0]",100.6875,109.66515102305944,-0.06368253530107207,0.47592032496120673,0.4580702737167666,0.49460208508472825,False
fav_0p5,reach_plus3,mae_through_touch,1440,3079,0.3034655169598573,"[0.10780414146748221, 0.6648536788943611]",0.31119301681919015,"[0.11000229410586315, 0.6885490908819968]",0.46697307081243833,0.46752194083548376,-0.0011118682288371571,0.4941157166829057,0.4771518993840986,0.5105605290325335,False
fav_0p5,reach_plus3,adv0p5_before,1440,3079,0.0,"[0.0, 1.0]",0.0,"[0.0, 1.0]",0.34444444444444444,0.3510880155894771,-0.013935411083982847,0.49667821442748367,0.48255115067170196,0.510640940766725,False
fav_0p5,reach_plus3,adv1_before,1440,3079,0.0,"[0.0, 0.0]",0.0,"[0.0, 0.0]",0.13680555555555557,0.13283533614810003,0.01164865781606436,0.5019851097037278,0.4918413141023109,0.5119201031407391,False
fav_0p5,reach_plus3,aligned_5m,1385,2975,0.0,"[0.0, 1.0]",0.0,"[0.0, 1.0]",0.42888086642599277,0.4117647058823529,0.034708132376891666,0.5085580802718199,0.49377132351304226,0.5235806726175537,False
fav_0p5,reach_plus3,aligned_15m,1386,2977,0.0,"[0.0, 1.0]",0.0,"[0.0, 1.0]",0.47186147186147187,0.4638898219684246,0.015976152242245863,0.5039858249465237,0.48720325108123946,0.5209885804689296,False
fav_0p5,reach_plus3,aligned_1h,1387,2977,1.0,"[0.0, 1.0]",0.0,"[0.0, 1.0]",0.5025234318673396,0.4884111521666107,0.028223377269958133,0.5070561398503645,0.4898931017217046,0.5236352139863693,False
fav_0p5,reach_plus3,trans_5m,1385,2975,0.0,"[0.0, 0.0]",0.0,"[0.0, 0.0]",0.010108303249097473,0.0033613445378151263,0.09125073952271666,0.5033734793556411,0.5008258231563347,0.5063846774323926,False
fav_0p5,win,t_since_t0_s,2002,2517,54.0,"[22.0, 128.0]",55.0,"[22.0, 135.0]",108.32167832167832,105.59753675009932,0.019315951252457556,0.49773438718611546,0.48047027218209204,0.5150839866147003,False
fav_0p5,win,s_from_prev_level,2002,2517,54.0,"[22.0, 128.0]",55.0,"[22.0, 135.0]",108.32167832167832,105.59753675009932,0.019315951252457556,0.49773438718611546,0.48047027218209204,0.5150839866147003,False
fav_0p5,win,mae_through_touch,2002,2517,0.30854909667323893,"[0.10938174401608997, 0.6535131368347018]",0.30621672948559214,"[0.10953862273141098, 0.7002217798390457]",0.46055560029115766,0.4727488939290696,-0.024702305621880933,0.4928380122063078,0.47696601624859497,0.509171784873477,False
fav_0p5,win,adv0p5_before,2002,2517,0.0,"[0.0, 1.0]",0.0,"[0.0, 1.0]",0.34265734265734266,0.3539928486293206,-0.023778269879232483,0.494332247014011,0.47964627839691965,0.5083270962162675,False
fav_0p5,win,adv1_before,2002,2517,0.0,"[0.0, 0.0]",0.0,"[0.0, 0.0]",0.12787212787212787,0.1390544298768375,-0.03281284640234919,0.4944088489976452,0.4846272791478297,0.5044282874142848,False
fav_0p5,win,aligned_5m,1878,2482,0.0,"[0.0, 1.0]",0.0,"[0.0, 1.0]",0.41959531416400425,0.4153908138597905,0.008524843893977632,0.5021022501521069,0.486614581684945,0.516942916612424,False
fav_0p5,win,aligned_15m,1878,2485,0.0,"[0.0, 1.0]",0.0,"[0.0, 1.0]",0.47071352502662406,0.4631790744466801,0.015099956186641596,0.503767225289972,0.48688638552636615,0.5191121567610149,False
fav_0p5,win,aligned_1h,1879,2485,1.0,"[0.0, 1.0]",0.0,"[0.0, 1.0]",0.5093134646088345,0.48048289738430583,0.057677256850610335,0.5144152836122643,0.4995035308979007,0.5293149131537103,False
fav_0p5,win,trans_5m,1878,2482,0.0,"[0.0, 0.0]",0.0,"[0.0, 0.0]",0.008519701810436636,0.0032232070910556,0.07161403890563309,0.5026482473596905,0.5004969992385916,0.5050106536551696,False
fav_0p5,win_given_plus2 (C2),t_since_t0_s,1847,373,53.0,"[21.0, 123.0]",46.0,"[17.0, 111.0]",103.47374120194911,91.84718498659518,0.0853504961867527,0.5342654053889286,0.49401293071258445,0.5746802062983583,False
fav_0p5,win_given_plus2 (C2),s_from_prev_level,1847,373,53.0,"[21.0, 123.0]",46.0,"[17.0, 111.0]",103.47374120194911,91.84718498659518,0.0853504961867527,0.5342654053889286,0.49401293071258445,0.5746802062983583,False
fav_0p5,win_given_plus2 (C2),mae_through_touch,1847,373,0.3053521344961193,"[0.10854053615578235, 0.6498059534925429]",0.2855285927835825,"[0.10736670057172437, 0.6954974326774915]",0.4581812320742765,0.5142190956088735,-0.107864636672456,0.4911841679355407,0.4507405480559703,0.5307612009757311,False
fav_0p5,win_given_plus2 (C2),adv0p5_before,1847,373,0.0,"[0.0, 1.0]",0.0,"[0.0, 1.0]",0.339469409853817,0.3512064343163539,-0.02474147436174787,0.49413148776873156,0.46438753452118703,0.5226832774711868,False
fav_0p5,win_given_plus2 (C2),adv1_before,1847,373,0.0,"[0.0, 0.0]",0.0,"[0.0, 0.0]",0.12885760693015702,0.17158176943699732,-0.12470245136397387,0.47863791874657985,0.45768923780889526,0.4987124343452189,False
fav_0p5,win_given_plus2 (C2),aligned_5m,1764,369,0.0,"[0.0, 1.0]",0.0,"[0.0, 1.0]",0.41609977324263037,0.44986449864498645,-0.06835854990643196,0.48311763729882196,0.4541409224092476,0.5105109399104878,False
fav_0p5,win_given_plus2 (C2),aligned_15m,1764,371,0.0,"[0.0, 1.0]",0.0,"[0.0, 1.0]",0.4671201814058957,0.4555256064690027,0.02323583964182323,0.5057972874684465,0.478781361225755,0.5347762120620936,False
fav_0p5,win_given_plus2 (C2),aligned_1h,1765,371,1.0,"[0.0, 1.0]",0.0,"[0.0, 1.0]",0.5053824362606232,0.46630727762803237,0.07814828793899524,0.5195375793162954,0.4920314674586139,0.5459467518000465,False
fav_0p5,win_given_plus2 (C2),trans_5m,1764,369,0.0,"[0.0, 0.0]",0.0,"[0.0, 0.0]",0.009070294784580499,0.008130081300813009,0.010002013736111632,0.5004701067418837,0.4947660631061938,0.5049423428921519,False
fav_1p0,reach_plus2,t_since_t0_s,2220,1308,144.0,"[66.0, 280.0]",167.0,"[74.75, 303.5]",207.3554054054054,228.68960244648318,-0.104330346113754,0.4686237843347935,0.4482749629887525,0.489624127533657,False
fav_1p0,reach_plus2,s_from_prev_level,2220,1308,49.0,"[16.0, 134.0]",56.5,"[19.0, 147.25]",105.83513513513513,116.17660550458716,-0.06945362945866189,0.473955319998898,0.4561094499369252,0.49303850742986544,False
fav_1p0,reach_plus2,mae_through_touch,2220,1308,0.4212119156988111,"[0.16670944521363806, 0.8276393788400987]",0.43687921787195416,"[0.1635784645244988, 0.8448285678624081]",0.576325746602008,0.5803730381139711,-0.007376326397773121,0.4928403173816018,0.4733418027782002,0.5113591224042969,False
fav_1p0,reach_plus2,adv0p5_before,2220,1308,0.0,"[0.0, 1.0]",0.0,"[0.0, 1.0]",0.44324324324324327,0.4533639143730887,-0.020351258287274562,0.49493966443507725,0.47723690747641073,0.5107927813116538,False
fav_1p0,reach_plus2,adv1_before,2220,1308,0.0,"[0.0, 0.0]",0.0,"[0.0, 0.0]",0.18603603603603602,0.18960244648318042,-0.009137479621281235,0.49821679477642783,0.4848285125251013,0.51105315735696,False
fav_1p0,reach_plus2,aligned_5m,2133,1273,0.0,"[0.0, 1.0]",0.0,"[0.0, 1.0]",0.4378809188935771,0.44069128043990574,-0.005661480061350553,0.4985948192268357,0.4811653267607833,0.5163746247055376,False
fav_1p0,reach_plus2,aligned_15m,2135,1274,0.0,"[0.0, 1.0]",0.0,"[0.0, 1.0]",0.468384074941452,0.47331240188383045,-0.009871392026087758,0.4975358365288108,0.47957098450230745,0.5159906454097436,False
fav_1p0,reach_plus2,aligned_1h,2136,1274,0.0,"[0.0, 1.0]",0.5,"[0.0, 1.0]",0.49625468164794007,0.5,-0.007488571314653642,0.49812734082397003,0.48218395810228054,0.5151481839134544,False
fav_1p0,reach_plus2,trans_5m,2133,1273,0.0,"[0.0, 0.0]",0.0,"[0.0, 0.0]",0.024847632442569153,0.01178318931657502,0.09346611570650681,0.506532221562997,0.5020988523781938,0.5110553163231404,False
fav_1p0,reach_plus3,t_since_t0_s,1440,2088,140.0,"[62.75, 273.25]",161.0,"[75.0, 299.0]",201.2201388888889,224.95114942528735,-0.11609292996639468,0.46380773733503616,0.445733213373955,0.4826550808794565,False
fav_1p0,reach_plus3,s_from_prev_level,1440,2088,46.0,"[15.0, 128.25]",55.0,"[19.0, 147.25]",100.53263888888888,115.97030651340997,-0.10375624755263123,0.4684124228395062,0.45212621428753574,0.48575524807539794,False
fav_1p0,reach_plus3,mae_through_touch,1440,2088,0.4238224688484758,"[0.1632582662235561, 0.8380014486182649]",0.4262291152282802,"[0.17306072372194747, 0.8331736723641154]",0.57483929817809,0.5798862557150777,-0.009198287359074726,0.491443333599404,0.47299838570029884,0.5102207525675906,False
fav_1p0,reach_plus3,adv0p5_before,1440,2088,0.0,"[0.0, 1.0]",0.0,"[0.0, 1.0]",0.4444444444444444,0.44875478927203066,-0.00866716208880226,0.4978448275862069,0.4816341929397539,0.513605538261719,False
fav_1p0,reach_plus3,adv1_before,1440,2088,0.0,"[0.0, 0.0]",0.0,"[0.0, 0.0]",0.18888888888888888,0.18630268199233715,0.006626076350453029,0.5012931034482758,0.4885405263364363,0.5146108255243156,False
fav_1p0,reach_plus3,aligned_5m,1385,2021,0.0,"[0.0, 1.0]",0.0,"[0.0, 1.0]",0.44259927797833937,0.4364176150420584,0.01245316116000816,0.5030908314681405,0.4866455464726788,0.5194178423055672,False
fav_1p0,reach_plus3,aligned_15m,1386,2023,0.0,"[0.0, 1.0]",0.0,"[0.0, 1.0]",0.47619047619047616,0.4661393969352447,0.02013297147894855,0.5050255396276158,0.4874766123082699,0.5210612814172417,False
fav_1p0,reach_plus3,aligned_1h,1387,2023,0.0,"[0.0, 1.0]",0.0,"[0.0, 1.0]",0.4989185291997116,0.4967869500741473,0.004261964135600894,0.5010657895627821,0.4836474092922329,0.5182217545793874,False
fav_1p0,reach_plus3,trans_5m,1385,2021,0.0,"[0.0, 0.0]",0.0,"[0.0, 0.0]",0.023826714801444042,0.017318159327065808,0.04652833907279471,0.5032542777371891,0.49861943402798675,0.5079019714204978,False
fav_1p0,win,t_since_t0_s,1992,1536,156.0,"[71.0, 296.25]",148.0,"[69.0, 286.0]",220.27861445783134,208.76302083333334,0.0562650443834567,0.5130595624686245,0.4923457904204595,0.5322308881139816,False
fav_1p0,win,s_from_prev_level,1992,1536,55.0,"[18.0, 142.0]",49.0,"[17.0, 133.25]",112.97991967871486,105.37565104166667,0.05105813246765407,0.5135718655873494,0.49533450443646415,0.5337999330504716,False
fav_1p0,win,mae_through_touch,1992,1536,0.4224329370974376,"[0.16790074221805312, 0.813878532343951]",0.4278011873839255,"[0.16070256078376338, 0.8697528565550816]",0.56186991667989,0.5985196727104106,-0.06683168235809504,0.48730844602367807,0.4671011187521699,0.5075466931981195,False
fav_1p0,win,adv0p5_before,1992,1536,0.0,"[0.0, 1.0]",0.0,"[0.0, 1.0]",0.4397590361445783,0.4563802083333333,-0.03342583582475595,0.4916894139056225,0.47483127080712967,0.5068675836980755,False
fav_1p0,win,adv1_before,1992,1536,0.0,"[0.0, 0.0]",0.0,"[0.0, 0.0]",0.17520080321285142,0.203125,-0.07158880423472759,0.4860379016064257,0.47245151488027937,0.4983534679917146,False
fav_1p0,win,aligned_5m,1878,1528,0.0,"[0.0, 1.0]",0.0,"[0.0, 1.0]",0.43610223642172524,0.4424083769633508,-0.012703941254702837,0.4968469297291872,0.4795551795212554,0.5125554142263548,False
fav_1p0,win,aligned_15m,1878,1531,0.0,"[0.0, 1.0]",0.0,"[0.0, 1.0]",0.4739084132055378,0.46570868713259306,0.01642433437648052,0.5040998630364724,0.48658337030961424,0.5198701585112739,False
fav_1p0,win,aligned_1h,1879,1531,1.0,"[0.0, 1.0]",0.0,"[0.0, 1.0]",0.506652474720596,0.48661005878510777,0.04008148364811117,0.5100212079677442,0.49342433885759257,0.5264989669501378,False
fav_1p0,win,trans_5m,1878,1528,0.0,"[0.0, 0.0]",0.0,"[0.0, 0.0]",0.025026624068157616,0.0137434554973822,0.0807049787437859,0.5056415842853877,0.5015070470736375,0.5094242251622086,False
fav_1p0,win_given_plus2 (C2),t_since_t0_s,1847,373,150.0,"[68.0, 287.5]",124.0,"[62.0, 238.0]",212.86031402273957,180.0965147453083,0.16508539262446298,0.5470206740587954,0.509572579675725,0.5807082590153175,False
fav_1p0,win_given_plus2 (C2),s_from_prev_level,1847,373,52.0,"[17.0, 138.5]",40.0,"[14.0, 110.0]",109.38657282079048,88.24932975871313,0.14535428818309568,0.5424969989737725,0.5092656546073329,0.5740495783416568,False
fav_1p0,win_given_plus2 (C2),mae_through_touch,1847,373,0.42011292997540867,"[0.16663337206488799, 0.8135380568324369]",0.4259569710295879,"[0.1674583514975746, 0.9517949539519331]",0.5602067227187961,0.6561430042757131,-0.16993569967532854,0.47787441703160405,0.44025180194990016,0.5109255547032153,False
fav_1p0,win_given_plus2 (C2),adv0p5_before,1847,373,0.0,"[0.0, 1.0]",0.0,"[0.0, 1.0]",0.43854899837574446,0.46648793565683644,-0.05622848625549903,0.486030531359454,0.45660201192357475,0.5113865660463799,False
fav_1p0,win_given_plus2 (C2),adv1_before,1847,373,0.0,"[0.0, 0.0]",0.0,"[0.0, 0.0]",0.1765024363833243,0.23324396782841822,-0.14596561543454667,0.471629234277453,0.44656634303625253,0.4926346452888966,False
fav_1p0,win_given_plus2 (C2),aligned_5m,1764,369,0.0,"[0.0, 1.0]",0.0,"[0.0, 1.0]",0.4331065759637188,0.46070460704607047,-0.05561326283938171,0.4862009844588242,0.4578214276668152,0.513286866727473,False
fav_1p0,win_given_plus2 (C2),aligned_15m,1764,371,0.0,"[0.0, 1.0]",0.0,"[0.0, 1.0]",0.4699546485260771,0.4609164420485175,0.01810459956298531,0.5045191032387798,0.47746481651637707,0.5334487460547795,False
fav_1p0,win_given_plus2 (C2),aligned_1h,1765,371,1.0,"[0.0, 1.0]",0.0,"[0.0, 1.0]",0.5025495750708215,0.46630727762803237,0.07248001881129734,0.5181211487213946,0.4901537862666302,0.545008777977935,False
fav_1p0,win_given_plus2 (C2),trans_5m,1764,369,0.0,"[0.0, 0.0]",0.0,"[0.0, 0.0]",0.026077097505668934,0.018970189701897018,0.045641824911851724,0.503553453901886,0.49538241561035096,0.5100384018582372,False
fav_1p5,reach_plus2,t_since_t0_s,2220,571,246.0,"[125.75, 429.25]",269.0,"[139.5, 486.5]",316.64774774774776,346.7197898423818,-0.11284117933747169,0.4668043262176362,0.44081563658272327,0.49470373810311846,False
fav_1p5,reach_plus2,s_from_prev_level,2220,571,44.0,"[15.0, 132.0]",51.0,"[13.0, 154.0]",109.29234234234234,121.30998248686515,-0.07124210656978872,0.48863697322541455,0.45909065927299963,0.5152453082633499,False
fav_1p5,reach_plus2,mae_through_touch,2220,571,0.4648163955160234,"[0.1925794931427902, 0.8803095377827763]",0.4841521068839576,"[0.20699043469542378, 0.8808642366385085]",0.6106460118809166,0.621683447580821,-0.019421648646583748,0.48659140751960367,0.4596527220113029,0.5111447998512261,False
fav_1p5,reach_plus2,adv0p5_before,2220,571,0.0,"[0.0, 1.0]",0.0,"[0.0, 1.0]",0.4743243243243243,0.4938704028021016,-0.039119797924785926,0.4902269607611114,0.4673583160055683,0.5124690822597416,False
fav_1p5,reach_plus2,adv1_before,2220,571,0.0,"[0.0, 0.0]",0.0,"[0.0, 0.0]",0.2009009009009009,0.19089316987740806,0.02506568772966397,0.5050038655117465,0.4875870530678672,0.5212313011830201,False
fav_1p5,reach_plus2,aligned_5m,2133,555,0.0,"[0.0, 1.0]",1.0,"[0.0, 1.0]",0.46788560712611343,0.5099099099099099,-0.0841586125768315,0.4789878486081018,0.45581006771900023,0.5023745170966053,False
fav_1p5,reach_plus2,aligned_15m,2135,555,0.0,"[0.0, 1.0]",1.0,"[0.0, 1.0]",0.47259953161592505,0.5027027027027027,-0.06025599229126107,0.4849484144566112,0.46155784168400216,0.5097746388581162,False
fav_1p5,reach_plus2,aligned_1h,2136,555,0.0,"[0.0, 1.0]",0.0,"[0.0, 1.0]",0.49719101123595505,0.4954954954954955,0.0033898419425816995,0.5008477578702297,0.47903690502285956,0.5212751162620965,False
fav_1p5,reach_plus2,trans_5m,2133,555,0.0,"[0.0, 0.0]",0.0,"[0.0, 0.0]",0.05485232067510549,0.06306306306306306,-0.03553846021849986,0.4958946288060212,0.48612379374452525,0.5063035282103185,False
fav_1p5,reach_plus3,t_since_t0_s,1440,1351,239.0,"[120.0, 414.0]",267.0,"[137.5, 469.0]",307.76944444444445,338.82087342709104,-0.1165931367705064,0.4620982913890945,0.44282915735942746,0.48216331679725943,False
fav_1p5,reach_plus3,s_from_prev_level,1440,1351,43.0,"[13.0, 123.25]",49.0,"[15.0, 148.0]",106.54930555555555,117.29533678756476,-0.06370982646850536,0.4781833415576939,0.45649059026282945,0.4992481664990044,False
fav_1p5,reach_plus3,mae_through_touch,1440,1351,0.4661326200804204,"[0.18881665906125727, 0.8846405343767877]",0.4740614117513292,"[0.2009426365413353, 0.8762879581737607]",0.6089682640548368,0.6170992558884667,-0.01430735002773889,0.489781746031746,0.46953041937432316,0.50984076301237,False
fav_1p5,reach_plus3,adv0p5_before,1440,1351,0.0,"[0.0, 1.0]",0.0,"[0.0, 1.0]",0.47638888888888886,0.48038490007401924,-0.007996740823972415,0.4980019944074348,0.4802441142249518,0.5154304114357057,False
fav_1p5,reach_plus3,adv1_before,1440,1351,0.0,"[0.0, 0.0]",0.0,"[0.0, 0.0]",0.2013888888888889,0.19615099925980756,0.013118599291778936,0.5026189448145407,0.48836960314983097,0.5180718805503869,False
fav_1p5,reach_plus3,aligned_5m,1385,1303,0.0,"[0.0, 1.0]",0.0,"[0.0, 1.0]",0.47653429602888087,0.476592478894858,-0.00011645043990203307,0.49997090856701143,0.48098240962265143,0.5167919610511511,False
fav_1p5,reach_plus3,aligned_15m,1386,1304,0.0,"[0.0, 1.0]",0.0,"[0.0, 1.0]",0.4805194805194805,0.47699386503067487,0.007054991272113169,0.5017628077444029,0.48332993042762973,0.5206646112017312,False
fav_1p5,reach_plus3,aligned_1h,1387,1304,0.0,"[0.0, 1.0]",0.0,"[0.0, 1.0]",0.4996395097332372,0.4938650306748466,0.011545088305615103,0.5028872395291953,0.48308578436978666,0.5214096818109948,False
fav_1p5,reach_plus3,trans_5m,1385,1303,0.0,"[0.0, 0.0]",0.0,"[0.0, 0.0]",0.05776173285198556,0.05525709900230238,0.010839814268498022,0.5012523169248416,0.4931592616716329,0.5096255392812254,False
fav_1p5,win,t_since_t0_s,1966,825,267.0,"[138.0, 462.0]",220.0,"[112.0, 388.0]",338.7731434384537,284.7357575757576,0.20342936866952335,0.5587536607170381,0.534420055495147,0.5807762262974956,False
fav_1p5,win,s_from_prev_level,1966,825,51.0,"[17.0, 148.0]",33.0,"[9.0, 105.0]",121.18362156663275,89.27272727272727,0.18980210941110898,0.5717124448965751,0.5492004329925957,0.5927565741315606,False
fav_1p5,win,mae_through_touch,1966,825,0.4648163955160234,"[0.19389061107763395, 0.8537239542096029]",0.4841521068839576,"[0.19630425041696667, 0.9429659865413214]",0.5951459633885722,0.6552223405119404,-0.10583138620560997,0.48110607601960603,0.45676706767065217,0.5042449561536059,False
fav_1p5,win,adv0p5_before,1966,825,0.0,"[0.0, 1.0]",0.0,"[0.0, 1.0]",0.47202441505595116,0.49333333333333335,-0.042650737990382326,0.48934554086130894,0.46889447507127036,0.5081653254398688,False
fav_1p5,win,adv1_before,1966,825,0.0,"[0.0, 0.0]",0.0,"[0.0, 0.0]",0.18819938962360122,0.22424242424242424,-0.09034666868282956,0.4819784826905885,0.46550111415441514,0.499482893903766,False
fav_1p5,win,aligned_5m,1867,821,0.0,"[0.0, 1.0]",0.0,"[0.0, 1.0]",0.4692019282271023,0.4933008526187576,-0.04824484967584602,0.48795053780417236,0.46693400027321535,0.5086775654103144,False
fav_1p5,win,aligned_15m,1867,823,0.0,"[0.0, 1.0]",0.0,"[0.0, 1.0]",0.47830744509908946,0.479951397326853,-0.00328964115526978,0.49917802388611826,0.4795678272732716,0.5185026164292555,False
fav_1p5,win,aligned_1h,1868,823,1.0,"[0.0, 1.0]",0.0,"[0.0, 1.0]",0.5064239828693791,0.47509113001215064,0.0626697946326355,0.5156664264286142,0.49569946335612536,0.5341414901172035,False
fav_1p5,win,trans_5m,1867,821,0.0,"[0.0, 0.0]",0.0,"[0.0, 0.0]",0.059989287627209426,0.048721071863580996,0.048779353184512146,0.5056341078818142,0.49721654546713,0.5133638382024102,False
fav_1p5,win_given_plus2 (C2),t_since_t0_s,1847,373,258.0,"[134.0, 448.0]",191.0,"[103.0, 346.0]",328.03410936654035,260.26541554959783,0.25861161199891186,0.5796973862404218,0.5461415182661176,0.6114233583598888,False
fav_1p5,win_given_plus2 (C2),s_from_prev_level,1847,373,49.0,"[16.0, 140.0]",29.0,"[9.0, 84.0]",115.17379534380076,80.16890080428955,0.2121116265033262,0.5861109457986359,0.5550878614401037,0.6173784795713184,False
fav_1p5,win_given_plus2 (C2),mae_through_touch,1847,373,0.45922858498534014,"[0.19233084996450694, 0.8537860232702212]",0.5042000989744605,"[0.19359181621498744, 1.0478670882307337]",0.5922864117979819,0.7015580262326069,-0.1896860396881992,0.47161254174946404,0.4324849841577581,0.5065146862903073,False
fav_1p5,win_given_plus2 (C2),adv0p5_before,1847,373,0.0,"[0.0, 1.0]",1.0,"[0.0, 1.0]",0.46832701678397404,0.5040214477211796,-0.07147649858863384,0.4821527845313972,0.4529475503789615,0.5085995114420037,False
fav_1p5,win_given_plus2 (C2),adv1_before,1847,373,0.0,"[0.0, 0.0]",0.0,"[0.0, 1.0]",0.18949648077964265,0.257372654155496,-0.1696692889837829,0.46606191331207336,0.4407445308093448,0.48968137914995624,False
fav_1p5,win_given_plus2 (C2),aligned_5m,1764,369,0.0,"[0.0, 1.0]",0.0,"[0.0, 1.0]",0.4665532879818594,0.4742547425474255,-0.015427803903642604,0.496149272717217,0.4666869777118351,0.5236160585904696,False
fav_1p5,win_given_plus2 (C2),aligned_15m,1764,371,0.0,"[0.0, 1.0]",0.0,"[0.0, 1.0]",0.4744897959183674,0.4636118598382749,0.02177914834476983,0.5054389680400462,0.47874245542120053,0.5343327204561058,False
fav_1p5,win_given_plus2 (C2),aligned_1h,1765,371,1.0,"[0.0, 1.0]",0.0,"[0.0, 1.0]",0.5036827195467423,0.46630727762803237,0.0747470377709159,0.5186877209593549,0.490742115507412,0.5450221899951024,False
fav_1p5,win_given_plus2 (C2),trans_5m,1764,369,0.0,"[0.0, 0.0]",0.0,"[0.0, 0.0]",0.05952380952380952,0.032520325203252036,0.11866049744325215,0.5135017421602788,0.501650137478329,0.5235094629564716,False
fav_2p0,win_given_plus2 (C2),t_since_t0_s,1847,373,390.0,"[216.0, 598.5]",265.0,"[142.0, 432.0]",453.10286951813754,324.0938337801609,0.41093631278078496,0.6318020237150019,0.5978234876843557,0.6626201911834115,True
fav_2p0,win_given_plus2 (C2),s_from_prev_level,1847,373,50.0,"[16.0, 164.0]",23.0,"[8.0, 70.0]",125.06876015159719,63.828418230563,0.36608860558050815,0.629907784669292,0.5998846977103588,0.6597239083166136,True
fav_2p0,win_given_plus2 (C2),mae_through_touch,1847,373,0.4766759281277966,"[0.208072538139063, 0.8672277147637721]",0.5115712656295954,"[0.19630425041696667, 1.0578837580415965]",0.6048109669669739,0.7056525889513117,-0.1744462763672313,0.4772081674362164,0.43737761859908375,0.5126370959045583,False
fav_2p0,win_given_plus2 (C2),adv0p5_before,1847,373,0.0,"[0.0, 1.0]",1.0,"[0.0, 1.0]",0.4807796426637791,0.5093833780160858,-0.05721857313987687,0.4856981323238467,0.45660279826811057,0.5119430812436838,False
fav_2p0,win_given_plus2 (C2),adv1_before,1847,373,0.0,"[0.0, 0.0]",0.0,"[0.0, 1.0]",0.19274499187872227,0.26005361930294907,-0.16726650630409634,0.4663456862878866,0.4416163791223513,0.49058439939179627,False
fav_2p0,win_given_plus2 (C2),aligned_5m,1764,369,1.0,"[0.0, 1.0]",1.0,"[0.0, 1.0]",0.532312925170068,0.5176151761517616,0.029435758640337824,0.5073488745091532,0.47861540455158486,0.5332879080041256,False
fav_2p0,win_given_plus2 (C2),aligned_15m,1764,371,0.0,"[0.0, 1.0]",0.0,"[0.0, 1.0]",0.48299319727891155,0.46900269541778977,0.027990628827861578,0.5069952509305609,0.4804186628319873,0.5359717566201526,False
fav_2p0,win_given_plus2 (C2),aligned_1h,1765,371,1.0,"[0.0, 1.0]",0.0,"[0.0, 1.0]",0.5070821529745042,0.46630727762803237,0.08155049098994206,0.5203874376732359,0.49222402943209576,0.547107514750358,False
fav_2p0,win_given_plus2 (C2),trans_5m,1764,369,0.0,"[0.0, 0.0]",0.0,"[0.0, 0.0]",0.12528344671201813,0.07588075880758807,0.1540402506897768,0.524701343952215,0.5080432663779597,0.539626827351685,False
fav_2p0,reach_plus3,t_since_t0_s,1440,780,343.0,"[190.0, 548.0]",396.5,"[225.75, 606.75]",414.9111111111111,461.9179487179487,-0.1483652353456408,0.4537161680911681,0.4293931515955015,0.47690167010116175,False
fav_2p0,reach_plus3,s_from_prev_level,1440,780,39.0,"[14.0, 132.0]",52.5,"[14.0, 173.25]",107.14166666666667,128.87948717948717,-0.1289891196406745,0.4683422364672365,0.44482047426585325,0.49163419956861476,False
fav_2p0,reach_plus3,mae_through_touch,1440,780,0.4834783508698113,"[0.2032641696602247, 0.8986820347286573]",0.47233200073747983,"[0.20857169532295025, 0.8675046955534156]",0.6233423737756724,0.618822119781887,0.007803063305501626,0.4982175925925926,0.4745605255077966,0.5231139945783304,False
fav_2p0,reach_plus3,adv0p5_before,1440,780,0.0,"[0.0, 1.0]",0.0,"[0.0, 1.0]",0.4909722222222222,0.4756410256410256,0.03066461031942065,0.5076655982905983,0.4854896414191314,0.5284393351821337,False
fav_2p0,reach_plus3,adv1_before,1440,780,0.0,"[0.0, 0.0]",0.0,"[0.0, 0.0]",0.20625,0.2,0.015501788330187699,0.503125,0.4865236882686773,0.5208671033753697,False
fav_2p0,reach_plus3,aligned_5m,1385,748,1.0,"[0.0, 1.0]",1.0,"[0.0, 1.0]",0.5342960288808665,0.5213903743315508,0.02584702492282283,0.5064528272746578,0.4827710691020016,0.5265107512613102,False
fav_2p0,reach_plus3,aligned_15m,1386,749,0.0,"[0.0, 1.0]",0.0,"[0.0, 1.0]",0.4884559884559885,0.465954606141522,0.045026111717036736,0.5112506911572332,0.4889951356097985,0.5337852455321253,False
fav_2p0,reach_plus3,aligned_1h,1387,749,1.0,"[0.0, 1.0]",0.0,"[0.0, 1.0]",0.501802451333814,0.49666221628838453,0.010275779652425859,0.5025701175227147,0.47957053918926157,0.5269335477805001,False
fav_2p0,reach_plus3,trans_5m,1385,748,0.0,"[0.0, 0.0]",0.0,"[0.0, 0.0]",0.11552346570397112,0.11898395721925134,-0.01077185654727167,0.49826975424235986,0.4823047248001705,0.5120886461759837,False
