anchor,block,lag,outcome,rho_raw,rho_null,rho_residual
0.5,discovery,trig_pos,final_pnl,0.019853175586281753,-0.006557101961401817,0.020352506020009285
0.5,discovery,trig_pos,giveback,-0.24850669075118073,-0.3041967448821785,-0.1485578220940681
0.5,discovery,trig_pos,add_mfe,-0.10154827366045355,-0.14591809112395102,-0.05843932683163918
0.5,discovery,price_to_trig,final_pnl,-0.004572717155940102,0.06204692378727058,-0.017287729127592084
0.5,discovery,price_to_trig,giveback,0.25699634075108013,0.3295675495082169,0.14706225349843682
0.5,discovery,price_to_trig,add_mfe,0.11268629026434235,0.17605732129883953,0.06174297430342173
0.5,discovery,mfe_to_trig,final_pnl,-0.013280711643273165,0.04045124785138824,-0.021692873662988787
0.5,discovery,mfe_to_trig,giveback,0.2658376331150689,0.33064474875431277,0.15663895955999443
0.5,discovery,mfe_to_trig,add_mfe,0.10471498823114561,0.14616944837642945,0.06201440739586318
0.5,discovery,catchup1,final_pnl,0.014898162606377744,-0.01036415883795002,0.017012728062857984
0.5,discovery,catchup1,giveback,0.024140237609883528,0.043599505271677226,0.0076628428334943365
0.5,discovery,catchup1,add_mfe,0.027024965446156013,0.01541391088466118,0.019149508692552133
0.5,replication,trig_pos,final_pnl,0.04729415488475687,-0.020488826418025866,0.045727381279046325
0.5,replication,trig_pos,giveback,-0.2388678226518564,-0.3533405057759076,-0.10964190590112578
0.5,replication,trig_pos,add_mfe,-0.0748351661420372,-0.22227597716510145,-0.01329748252161432
0.5,replication,price_to_trig,final_pnl,-0.028038075594894674,0.08700580657334779,-0.04103874959940878
0.5,replication,price_to_trig,giveback,0.24817178330822343,0.3624995544329072,0.11430865742813409
0.5,replication,price_to_trig,add_mfe,0.0915456671939603,0.2521714835920484,0.018320134431657753
0.5,replication,mfe_to_trig,final_pnl,-0.037364259148560904,0.06743817649701404,-0.04576038593839549
0.5,replication,mfe_to_trig,giveback,0.25429654940436186,0.3603807760207745,0.12048432631613645
0.5,replication,mfe_to_trig,add_mfe,0.07993066362171632,0.226478559277961,0.016421448558654586
0.5,replication,catchup1,final_pnl,-0.010450371094748055,-0.02757840664671085,-0.0077252447701656795
0.5,replication,catchup1,giveback,0.02770948636568049,0.08615805544896782,-0.013478408749217468
0.5,replication,catchup1,add_mfe,0.007000602998563166,0.023200640798413306,0.00021850811428394376
0.5,pooled,trig_pos,final_pnl,0.026864893402625566,-0.010486527506126506,0.02682517203762679
0.5,pooled,trig_pos,giveback,-0.24662835126661475,-0.3163085670726227,-0.13979601876889816
0.5,pooled,trig_pos,add_mfe,-0.09535045565772822,-0.16559719510694124,-0.04751802683381196
0.5,pooled,price_to_trig,final_pnl,-0.01093669340287051,0.06864944147581688,-0.023739648482972508
0.5,pooled,price_to_trig,giveback,0.2552503226052122,0.3377701291123808,0.13963626180240143
0.5,pooled,price_to_trig,add_mfe,0.10737214580837882,0.19586624242763698,0.05081464550176639
0.5,pooled,mfe_to_trig,final_pnl,-0.019607450918794414,0.0472323449382527,-0.027932470124593208
0.5,pooled,mfe_to_trig,giveback,0.26355546181549006,0.33796048445074595,0.14861501900964422
0.5,pooled,mfe_to_trig,add_mfe,0.0987160776088767,0.16652992453593576,0.05090085166049182
0.5,pooled,catchup1,final_pnl,0.008462978200943147,-0.014520136110117375,0.010571499129670902
0.5,pooled,catchup1,giveback,0.0260076225044513,0.054742678331903244,0.003332538258347986
0.5,pooled,catchup1,add_mfe,0.022224946312573678,0.017589967388480166,0.014621701270048026
1.0,discovery,trig_pos,final_pnl,0.030405556533722265,-0.019819820584632285,0.03218447077166982
1.0,discovery,trig_pos,giveback,-0.28614940223547836,-0.370927271912451,-0.17223085784723635
1.0,discovery,trig_pos,add_mfe,-0.10343931837853233,-0.19361398503632143,-0.05258813227440627
1.0,discovery,price_to_trig,final_pnl,-0.018913715201147156,0.10723279678570964,-0.039798120737669695
1.0,discovery,price_to_trig,giveback,0.28111947802511184,0.3888438842622658,0.16090969568875615
1.0,discovery,price_to_trig,add_mfe,0.10018972960244485,0.23324447805942064,0.03656447894206478
1.0,discovery,mfe_to_trig,final_pnl,-0.030643885213069242,0.0764229766784635,-0.044480117306655305
1.0,discovery,mfe_to_trig,giveback,0.2988262319529567,0.38924687184561063,0.17831561207675553
1.0,discovery,mfe_to_trig,add_mfe,0.09456889959928352,0.1930529123552895,0.043785578841193246
1.0,discovery,catchup1,final_pnl,0.005070357615281244,0.005756912679649098,0.001851376186738506
1.0,discovery,catchup1,giveback,0.03787539641514586,0.07862449222347258,0.01349149281449566
1.0,discovery,catchup1,add_mfe,0.03709091768805725,0.04924407633759037,0.01897932540030592
1.0,replication,trig_pos,final_pnl,0.04071330749583709,0.07575507664917838,0.031707669416234485
1.0,replication,trig_pos,giveback,-0.26697697059421055,-0.4123766027132637,-0.1250984115362257
1.0,replication,trig_pos,add_mfe,-0.07110233252221597,-0.1626064323027193,-0.026097238113402345
1.0,replication,price_to_trig,final_pnl,-0.04662077229099068,-0.011160829145650536,-0.052135923945670355
1.0,replication,price_to_trig,giveback,0.27790307860287167,0.4208770700160571,0.1334879549984941
1.0,replication,price_to_trig,add_mfe,0.058920848333125844,0.1797798968185192,0.008895356906508537
1.0,replication,mfe_to_trig,final_pnl,-0.057024777882974165,-0.05086646221521822,-0.05417241690175048
1.0,replication,mfe_to_trig,giveback,0.29017771769352285,0.4245451637955263,0.143588863509732
1.0,replication,mfe_to_trig,add_mfe,0.045387033243014754,0.13451865435081667,0.008690625070287424
1.0,replication,catchup1,final_pnl,-0.028142884956117744,-0.04256165681377942,-0.025726376522619887
1.0,replication,catchup1,giveback,0.030957004302916074,0.1260332365568845,-0.026184645953446734
1.0,replication,catchup1,add_mfe,-0.012717632579955897,0.04708276333851868,-0.028811690414596598
1.0,pooled,trig_pos,final_pnl,0.03373611984417859,0.0038174265809975834,0.03283637750462288
1.0,pooled,trig_pos,giveback,-0.28299472361380335,-0.3821367265392693,-0.1621910026298132
1.0,pooled,trig_pos,add_mfe,-0.09542987423706044,-0.1855496755763355,-0.045563197710916756
1.0,pooled,price_to_trig,final_pnl,-0.02644935127339254,0.07802670095284754,-0.04343374328539515
1.0,pooled,price_to_trig,giveback,0.28170294650258076,0.39756303699840645,0.15554981468831314
1.0,pooled,price_to_trig,add_mfe,0.08993870931490702,0.21961193249912134,0.02946064743912429
1.0,pooled,mfe_to_trig,final_pnl,-0.03759275070166058,0.04566764646851205,-0.047297102014723195
1.0,pooled,mfe_to_trig,giveback,0.2980731188590199,0.3985768967657862,0.17132872807375207
1.0,pooled,mfe_to_trig,add_mfe,0.08283476442977467,0.1786106539352705,0.035151964499554614
1.0,pooled,catchup1,final_pnl,-0.0042703751635449995,-0.006104564020556106,-0.006113861562723903
1.0,pooled,catchup1,giveback,0.03783965950175599,0.09127109800342854,0.005348522422153875
1.0,pooled,catchup1,add_mfe,0.024140510468132165,0.04809449298562326,0.005764374760024938
1.5,discovery,trig_pos,final_pnl,0.061897960761034584,-0.02996373665759,0.06786032629150497
1.5,discovery,trig_pos,giveback,-0.327675322933718,-0.4473859217375787,-0.1970113471127535
1.5,discovery,trig_pos,add_mfe,-0.08725836191711168,-0.25716974283990696,-0.01648875677642606
1.5,discovery,price_to_trig,final_pnl,-0.048125354370909035,0.10770844830433657,-0.07112541885252502
1.5,discovery,price_to_trig,giveback,0.3301945871663371,0.45688239338585773,0.19582469192595914
1.5,discovery,price_to_trig,add_mfe,0.09150461462284236,0.28919425374403473,0.010001298838432579
1.5,discovery,mfe_to_trig,final_pnl,-0.06222415997975938,0.07866146486210362,-0.07963156277745591
1.5,discovery,mfe_to_trig,giveback,0.344906016995128,0.4655167485803447,0.20853459046927286
1.5,discovery,mfe_to_trig,add_mfe,0.07840286233825208,0.25102831320294194,0.010389702882760756
1.5,discovery,catchup1,final_pnl,0.023589545933037134,0.06621383414444297,0.014936067007258792
1.5,discovery,catchup1,giveback,0.062020422478925155,0.12249610588955187,0.026996327329846994
1.5,discovery,catchup1,add_mfe,0.05725628026271929,0.1247558324226146,0.01931141644652161
1.5,replication,trig_pos,final_pnl,0.011556502613166026,0.023081472393718418,0.0035708834919968707
1.5,replication,trig_pos,giveback,-0.3217701318274605,-0.4624740432126394,-0.16648180786914402
1.5,replication,trig_pos,add_mfe,-0.11763342781474266,-0.24233535508885104,-0.05184317037484903
1.5,replication,price_to_trig,final_pnl,-0.009381450564722019,0.030022445742059603,-0.010787053818417687
1.5,replication,price_to_trig,giveback,0.32693533072799336,0.46048092882373737,0.1724052751529524
1.5,replication,price_to_trig,add_mfe,0.1150554002367859,0.24664264089307486,0.047497472194135484
1.5,replication,mfe_to_trig,final_pnl,-0.009024824210047144,0.021700424553983508,-0.009015021550553915
1.5,replication,mfe_to_trig,giveback,0.32904533320810475,0.4704182142904313,0.1710535777441552
1.5,replication,mfe_to_trig,add_mfe,0.11029138563595879,0.23256122133013216,0.0489457692087564
1.5,replication,catchup1,final_pnl,0.03747656687305672,-0.002619122392764531,0.03934828835624379
1.5,replication,catchup1,giveback,0.06270015159497577,0.09122480815824578,0.021828979441490648
1.5,replication,catchup1,add_mfe,0.07026575283565588,0.058249745751892,0.05822410081286018
1.5,pooled,trig_pos,final_pnl,0.05039741892504264,-0.0177541132143339,0.053031777446260336
1.5,pooled,trig_pos,giveback,-0.32791944653459704,-0.45217659973280866,-0.19110410911387798
1.5,pooled,trig_pos,add_mfe,-0.09442024659886249,-0.2536600005252381,-0.02525642531622497
1.5,pooled,price_to_trig,final_pnl,-0.03923919127762915,0.08930283605284249,-0.057049504530355295
1.5,pooled,price_to_trig,giveback,0.33150472647508156,0.4592522916548067,0.19182885711356584
1.5,pooled,price_to_trig,add_mfe,0.09742741890023789,0.27880176099818293,0.019718470609522486
1.5,pooled,mfe_to_trig,final_pnl,-0.04993508381271678,0.0653445182776734,-0.0631518887371277
1.5,pooled,mfe_to_trig,giveback,0.3433526685644785,0.46820526989560934,0.2013792749323094
1.5,pooled,mfe_to_trig,add_mfe,0.08623892329237665,0.24671851808848616,0.02020631171720218
1.5,pooled,catchup1,final_pnl,0.026332589726910566,0.049423179715759206,0.020033616232228633
1.5,pooled,catchup1,giveback,0.06258559087746855,0.11510881188259481,0.026209375363288316
1.5,pooled,catchup1,add_mfe,0.060148081919864385,0.10822223162013538,0.028555533282427856
2.0,discovery,trig_pos,final_pnl,0.08068600136026698,-0.021418993637050337,0.08244957781838098
2.0,discovery,trig_pos,giveback,-0.40323922552813196,-0.5291950175275215,-0.2492848613241117
2.0,discovery,trig_pos,add_mfe,-0.10350072909816627,-0.30533564622625325,-0.02488951485238776
2.0,discovery,price_to_trig,final_pnl,-0.07547698874185148,0.09414699634887667,-0.09094952261170032
2.0,discovery,price_to_trig,giveback,0.4023423224134743,0.5255321641028415,0.2482446721716025
2.0,discovery,price_to_trig,add_mfe,0.1028644693664782,0.32900223381610477,0.014633449543955726
2.0,discovery,mfe_to_trig,final_pnl,-0.08237925732069085,0.06550359732359035,-0.09382665498772774
2.0,discovery,mfe_to_trig,giveback,0.41299585791613436,0.5374076125871743,0.2566441481605975
2.0,discovery,mfe_to_trig,add_mfe,0.09376703352294177,0.2938271192802289,0.018920603711992966
2.0,discovery,catchup1,final_pnl,0.03369863513436591,-0.0004007330321635432,0.03452253799548236
2.0,discovery,catchup1,giveback,0.07117506964147696,0.15745661974786296,0.02015516130982798
2.0,discovery,catchup1,add_mfe,0.06465539999595031,0.11793976150138381,0.02965515889563488
2.0,replication,trig_pos,final_pnl,0.002734472733834675,0.06717471851061238,-0.012985143096006353
2.0,replication,trig_pos,giveback,-0.3827739977178952,-0.5341729065761737,-0.21788180790914632
2.0,replication,trig_pos,add_mfe,-0.15751358282383393,-0.2717236305113466,-0.09553268126302022
2.0,replication,price_to_trig,final_pnl,0.019458245813738877,0.008920630046705553,0.021846020406978427
2.0,replication,price_to_trig,giveback,0.3919212900545607,0.5445984135114168,0.22493992933252946
2.0,replication,price_to_trig,add_mfe,0.1785510942796825,0.30848354302390496,0.10701464310641974
2.0,replication,mfe_to_trig,final_pnl,0.010078682165651274,-0.02316787919994736,0.017946500106069397
2.0,replication,mfe_to_trig,giveback,0.3992123771101682,0.5507865999790257,0.23129185525240734
2.0,replication,mfe_to_trig,add_mfe,0.16640690805293082,0.2709605943425107,0.10575869294484594
2.0,replication,catchup1,final_pnl,0.03148318752852251,-0.014109423441392648,0.03527523580858703
2.0,replication,catchup1,giveback,0.0835071575188644,0.15163677709004175,0.028759054373330737
2.0,replication,catchup1,add_mfe,0.09013686936375546,0.07254361793046528,0.05999760767887161
2.0,pooled,trig_pos,final_pnl,0.06284260835272314,0.0008684065665247585,0.05994934060133326
2.0,pooled,trig_pos,giveback,-0.3998716693058202,-0.5312783813248974,-0.24259623086962345
2.0,pooled,trig_pos,add_mfe,-0.11612715745804898,-0.2966643567046659,-0.04220539949152831
2.0,pooled,price_to_trig,final_pnl,-0.05290126378781594,0.07313315930572771,-0.06361891340153043
2.0,pooled,price_to_trig,giveback,0.40175845713351904,0.5308572588753028,0.2439615775010494
2.0,pooled,price_to_trig,add_mfe,0.12173710378247737,0.32367127303986104,0.038060538304410606
2.0,pooled,mfe_to_trig,final_pnl,-0.060444833155735296,0.04397589605917909,-0.06681999131530916
2.0,pooled,mfe_to_trig,giveback,0.4116980930866738,0.5418151214426232,0.25171862757711627
2.0,pooled,mfe_to_trig,add_mfe,0.11182397760897626,0.2883950554130667,0.04080277415674975
2.0,pooled,catchup1,final_pnl,0.033323446523976154,-0.004032090614284954,0.03462836401731974
2.0,pooled,catchup1,giveback,0.07371041271705564,0.15657281236602227,0.02162122019747183
2.0,pooled,catchup1,add_mfe,0.07142654621853942,0.10653901239777097,0.038106935697329654
3.0,discovery,trig_pos,final_pnl,0.07285193203037711,-0.011150521145326052,0.07824424138938939
3.0,discovery,trig_pos,giveback,-0.4910076634018499,-0.6906715818363319,-0.2995621370221296
3.0,discovery,trig_pos,add_mfe,-0.14798955296542246,-0.40161655680867014,-0.04842129132607763
3.0,discovery,price_to_trig,final_pnl,-0.05474964636761404,0.07662221894812346,-0.07620334858653074
3.0,discovery,price_to_trig,giveback,0.48637606074858697,0.6929468022119177,0.292906449757218
3.0,discovery,price_to_trig,add_mfe,0.15757329287388666,0.43126850020665203,0.04427586491807857
3.0,discovery,mfe_to_trig,final_pnl,-0.06591369500681085,0.048110097582563495,-0.08302307794814669
3.0,discovery,mfe_to_trig,giveback,0.5028010087473885,0.6970528998288471,0.3112128366688011
3.0,discovery,mfe_to_trig,add_mfe,0.14813239263064346,0.3954660749647156,0.05051736142656301
3.0,discovery,catchup1,final_pnl,0.05001822715435167,0.0623190057593875,0.039134569175623565
3.0,discovery,catchup1,giveback,0.17413096898719632,0.3033563188470915,0.0757073378585359
3.0,discovery,catchup1,add_mfe,0.12310803865179373,0.25520505536283666,0.05425714284147453
3.0,replication,trig_pos,final_pnl,-0.04682636165450009,-0.08625691859003957,-0.02931933347750107
3.0,replication,trig_pos,giveback,-0.4192817524562091,-0.7031748072730675,-0.2074261968357131
3.0,replication,trig_pos,add_mfe,-0.22819586355805568,-0.466976335061398,-0.11988316568963805
3.0,replication,price_to_trig,final_pnl,0.04815426337107022,0.1492781872271285,0.01755962991753216
3.0,replication,price_to_trig,giveback,0.42139546572996606,0.7119318281442693,0.20723799949736119
3.0,replication,price_to_trig,add_mfe,0.22960713549971987,0.5038972045097226,0.10997767348346262
3.0,replication,mfe_to_trig,final_pnl,0.05480984470797267,0.11449996200985407,0.030490014436255465
3.0,replication,mfe_to_trig,giveback,0.43303827653319465,0.7198726453415315,0.2166689071111709
3.0,replication,mfe_to_trig,add_mfe,0.2351280173075429,0.46233043244475364,0.1251632115115987
3.0,replication,catchup1,final_pnl,-0.0060918660175222255,0.10626720515263273,-0.027319882873457747
3.0,replication,catchup1,giveback,0.22639847571845217,0.4136516128278111,0.10809803795507814
3.0,replication,catchup1,add_mfe,0.1074866677773036,0.3548793958982332,0.02531458763157741
3.0,pooled,trig_pos,final_pnl,0.04692125154785737,-0.03135724811467083,0.054812759522614225
3.0,pooled,trig_pos,giveback,-0.47775301942821796,-0.6966842914179645,-0.28139055976267996
3.0,pooled,trig_pos,add_mfe,-0.16492843979510854,-0.42048372178034416,-0.06354465513020276
3.0,pooled,price_to_trig,final_pnl,-0.03227560375856188,0.0948619927639497,-0.05519692653529765
3.0,pooled,price_to_trig,giveback,0.4746618640666139,0.6995021980302525,0.2762990819343566
3.0,pooled,price_to_trig,add_mfe,0.17331726407382134,0.45061414156417573,0.059154309327245365
3.0,pooled,mfe_to_trig,final_pnl,-0.03947607596494621,0.0650324508258347,-0.057660228263355956
3.0,pooled,mfe_to_trig,giveback,0.4896638405014663,0.705122583167398,0.2921177985714692
3.0,pooled,mfe_to_trig,add_mfe,0.1666091819801624,0.4138986049536739,0.06656535730068028
3.0,pooled,catchup1,final_pnl,0.0369341226882609,0.0716795773917715,0.024567378585091264
3.0,pooled,catchup1,giveback,0.18715069789289057,0.32912773475810253,0.08415149216410694
3.0,pooled,catchup1,add_mfe,0.11913474775324044,0.2779129547226826,0.04791521086445997
