anchor,block,N,real_final_pnl,null_final_pnl,res_final_pnl,res_final_pnl_lo,res_final_pnl_hi,real_add_mfe,null_add_mfe,res_add_mfe,res_add_mfe_lo,res_add_mfe_hi,real_giveback,null_giveback,res_giveback,res_giveback_lo,res_giveback_hi,real_frac_surrendered,null_frac_surrendered,res_frac_surrendered,res_frac_surrendered_lo,res_frac_surrendered_hi,real_exit_below_entry,null_exit_below_entry,res_exit_below_entry,res_exit_below_entry_lo,res_exit_below_entry_hi,real_giveback_ge_1A,null_giveback_ge_1A,res_giveback_ge_1A,res_giveback_ge_1A_lo,res_giveback_ge_1A_hi,real_boundary_component,null_boundary_component,real_fill_gap,null_fill_gap,real_term_s,null_term_s
0.0,discovery,4521,-0.0441182333771355,-0.0077480426661099625,-0.03637019071102555,-0.09777362010100848,0.027069178566833572,2.120037411140389,2.2089869898366756,-0.08894957869628654,-0.15190428395766623,-0.020479143986528486,2.2173881105002966,2.2699674984855576,-0.05257938798526099,-0.07936228525524452,-0.023878938343987573,4.361063229962292,4.188315628722223,0.168714127894075,-0.11492557833883765,0.5045463226184307,0.6675514266755143,0.6637336598318442,0.0038177668436700416,-0.009099573769601115,0.01636751341253104,0.975669099756691,0.9940965107452159,-0.018427410988524774,-0.022101935007902477,-0.014982201730277735,2.2216682292068786,2.272087225911568,0.0042801187065816685,0.002119727426009978,782.513603185136,761.8528780771916
0.0,replication,1503,0.02108324617842735,-0.00912307586593887,0.0302063220443662,-0.07204610422523643,0.14918125189308645,2.1050511622056667,2.1909234173246364,-0.08587225511896958,-0.18775711939986847,0.035654772165936925,2.137844179747206,2.2539227569105424,-0.1160785771633358,-0.15783513599067167,-0.07747962884344628,4.229730056954057,4.22277032144878,0.010996547496450005,-0.369850580097428,0.41260765472441213,0.6679973386560213,0.6624914481967266,0.0055058904592947275,-0.018245177577208463,0.02849990949394142,0.9727212242182302,0.995393126317769,-0.02267190209953876,-0.028217544855350447,-0.017436365060547205,2.1441189155205107,2.2559710585366806,0.0062747357733043945,0.002048301626138673,789.6819693945442,763.037597456661
0.0,pooled,6024,-0.02785033434459716,-0.008091116188577234,-0.01975921815601994,-0.0799331171497026,0.036026631515385724,2.1162983121780905,2.204480092511709,-0.08818178033361929,-0.15167813358791268,-0.023984582096688755,2.1975417413233553,2.2659643035009545,-0.06842256217759939,-0.09153380644721112,-0.04472599722252978,4.3282521513876695,4.196912143192344,0.12931141032856555,-0.15598193920421516,0.38894689197920174,0.6676626826029216,0.6634237255543571,0.004238957048564449,-0.007531458904421435,0.01588378685888886,0.974933598937583,0.9944200189134673,-0.01948641997588434,-0.022705701948242164,-0.016382283768760126,2.2023195209614252,2.2680662100476146,0.004777779638069759,0.0021019065466596175,784.3021248339974,762.148467922368
0.5,discovery,3392,0.4799646641986941,0.4978176387652856,-0.01785297456659149,-0.09794857296518217,0.0655681868157345,2.235759114515516,2.277932215931888,-0.04217310141637211,-0.1200336414301405,0.04733646971186328,2.341791814316502,2.3661119411662823,-0.024320126849780622,-0.056318919101911814,0.007510057135158382,1.4166289847293296,1.420526248176571,-0.003897263447240975,-0.038668653079111735,0.0300682010231702,0.5568985849056604,0.5619784295070747,-0.005079844601414358,-0.02063130046527815,0.011373950785245826,0.9790683962264151,0.999128814418883,-0.020060418192468,-0.02375028903218093,-0.01650489031369005,2.3467620317210973,2.368072392137048,0.00497021740459594,0.001960450970765909,846.4003537735849,822.5030751706397
0.5,replication,1127,0.5546445888237362,0.49824998858229025,0.05639460024144595,-0.05695197100995582,0.20142307811864213,2.226119964107085,2.2649703496786953,-0.03885038557161006,-0.15034558024337932,0.10522222652459999,2.251192485421914,2.3464374712349696,-0.095244985813056,-0.13739117054144206,-0.053032065335855263,1.3980112443479344,1.4113413708108533,-0.013330126462918968,-0.07629919743073713,0.04742380327752644,0.5572315882874889,0.5592725589753612,-0.0020409706878723485,-0.03199960952413786,0.024973979329569136,0.9751552795031055,0.9994911508161998,-0.02433587131309425,-0.030836888770936384,-0.018155632370867855,2.257367348511251,2.348071346881777,0.006174863089336958,0.0016338756468074268,862.7471162377994,823.383864935081
0.5,pooled,4519,0.4985891995057139,0.49792546311663854,0.0006637363890752944,-0.07365733677965476,0.07110435683865106,2.2333551927385074,2.27469963720488,-0.04134444446637281,-0.1210376904246688,0.032586170286912804,2.319197115563636,2.361205296419084,-0.04200818085544811,-0.0683745463621794,-0.014939847738784713,1.4119858793056004,1.4182356182161453,-0.006249738910544605,-0.039095330449505306,0.023826918398754643,0.5569816331046692,0.5613036085092343,-0.004321975404565089,-0.018330255354989916,0.010463160595992659,0.9780924983403407,0.9992191780214005,-0.021126679681059676,-0.024741700100927886,-0.017866252862883274,2.3244677613122686,2.3630843022935673,0.005270645748632922,0.0018790058744832779,850.4770967028104,822.7227366144382
1.0,discovery,2659,0.9682736160196663,0.9891903350941289,-0.020916719074462367,-0.11024970687933884,0.0782633073679772,2.2985718072888917,2.3116292352729495,-0.01305742798405768,-0.1021948194178507,0.08541560894145755,2.4301403879806367,2.422281096890232,0.00785929109040469,-0.02768284897710563,0.04690574453592054,1.0151742117876228,1.01305675223993,0.0021174595476929187,-0.020567691067303925,0.026725814261890024,0.43738247461451674,0.4416696193682514,-0.004287144753734554,-0.022684455700337034,0.014356809931414976,0.9811959383226777,0.9995721952886415,-0.01837625696596374,-0.02303266168077442,-0.013995898935599738,2.435241306558782,2.4244250131326064,0.005100918578145594,0.0021439162423741807,885.8773975178639,861.8282138096695
1.0,replication,869,1.091388283610294,1.0043591605754887,0.08702912303480495,-0.07177967782639576,0.25746228358713447,2.3230107034084915,2.31686094075817,0.006149762650321125,-0.15000921964907013,0.1743296593872877,2.327666501416576,2.40854586180106,-0.08087936038448387,-0.13113784549876265,-0.030617321296062004,0.9862041839957414,1.0072680614314575,-0.02106387743571627,-0.05865969161848039,0.014827950459203728,0.42922899884925203,0.4395460459013924,-0.010317047052140382,-0.037831733549051824,0.018581788475403038,0.9769850402761795,0.9991392564437659,-0.022154216167586376,-0.029848629517623942,-0.01440822346555245,2.3348543405978908,2.4104022583270432,0.007187839181314907,0.001856396525983623,908.512082853855,870.2357888064212
1.0,pooled,3528,0.9985986290968363,0.9929266472662666,0.005671981830569746,-0.08099056041337505,0.09399777463714161,2.3045914786970356,2.3129178838179207,-0.008326405120884445,-0.09361666435014347,0.08474297559364574,2.4048995128604074,2.4188978998118613,-0.0139983869514542,-0.04256682966452828,0.01584727355154378,1.0080384538082734,1.0116309097477072,-0.0035924559394336633,-0.02314436165074271,0.01714088300593892,0.43537414965986393,0.4411465509604564,-0.0057724013005924545,-0.021221104627557146,0.010456387567932646,0.9801587301587301,0.9994655558736196,-0.019306825714889498,-0.023125994556460094,-0.015371581641321729,2.4105144716891633,2.420970995579875,0.005614958828756176,0.002073095768013808,891.452664399093,863.8991272655021
1.5,discovery,2102,1.473593877808486,1.4943638535777026,-0.020769975769216527,-0.13177890808647516,0.09989084744302297,2.363232704955394,2.3513730038506147,0.011859701104779106,-0.09732830659243026,0.12744342442391252,2.497252614208528,2.4646229373345325,0.03262967687399565,-0.008979385244835434,0.07630036603086772,0.8114535095054646,0.8122015288253875,-0.0007480193199228772,-0.019672012622853428,0.01824917391777803,0.29638439581351095,0.3015051683116203,-0.005120772498109368,-0.023597509884580807,0.012843418734708264,0.9804947668886774,0.999508149682379,-0.019013382793701464,-0.024197467040398546,-0.013976562853303433,2.5022979882871175,2.4666313419030432,0.005045374078589684,0.0020084045685111484,922.4490960989534,892.3128042595222
1.5,replication,689,1.6129615772763095,1.5170576463730039,0.09590393090330528,-0.08156324995313237,0.28958425609701305,2.3918299144247492,2.375340407007941,0.016489507416808418,-0.1559784860241352,0.19369947470565202,2.3717129465442057,2.451127370030703,-0.07941442348649685,-0.143873481002765,-0.015567469926893437,0.790061193898315,0.8088829525916613,-0.018821758693346475,-0.04895252349276556,0.008776774821022649,0.2931785195936139,0.29953340367553377,-0.0063548840819198475,-0.0332832571460745,0.021484501388084103,0.9782293178519593,0.999689813903717,-0.021460496051757646,-0.031092805810839213,-0.01255846491116217,2.379589889975831,2.4529201490900556,0.007876943431624818,0.0017927790593525463,943.9941944847606,897.5548738200725
1.5,pooled,2791,1.5079988742016535,1.4999661549879366,0.00803271921371701,-0.08994547680448206,0.10759765490344093,2.3702923528681077,2.357289714984759,0.013002637883348872,-0.08420384360288828,0.10953666572119841,2.4662612738213125,2.461291355151681,0.004969918669631857,-0.031196270705938636,0.039373866243099076,0.8061724971610267,0.8113822887590898,-0.0052097915980629204,-0.021832781107072135,0.012757189905770648,0.29559297742744534,0.3010184087866244,-0.005425431359179027,-0.020765638936413644,0.011376025461491086,0.9799355069867431,0.9995529962063855,-0.019617489219642237,-0.02408659520425226,-0.015181351344507616,2.472005663050114,2.463246529345484,0.005744389228801511,0.001955174193803059,927.7678251522751,893.6068873577733
2.0,discovery,1674,1.9843123391496482,1.9910409258762294,-0.0067285867265813246,-0.13690298702060563,0.12152842243861024,2.430958602871738,2.371870385243477,0.05908821762826047,-0.06641369963887618,0.19200800519377179,2.558337679174545,2.492520874819703,0.06581680435484179,0.01901942303862862,0.11740419472601142,0.6845342424669189,0.6853384150361499,-0.0008041725692312361,-0.01810034996126786,0.01721846100417085,0.17204301075268819,0.16771265256892925,0.00433035818375892,-0.013623512228908286,0.022356784767784733,0.980884109916368,0.9995845721468806,-0.01870046223051258,-0.024611582560679583,-0.01282191833394177,2.564363226644079,2.494559209705887,0.006025547469533458,0.002038334886183679,940.7610513739546,908.7317239544624
2.0,replication,546,2.178871638588446,1.9919561123487886,0.18691552623965801,-0.027852689445268437,0.4025587007189406,2.470195981174728,2.372982821066312,0.09721316010841598,-0.11349230131091624,0.299572469236168,2.3911841996838894,2.4808865658151307,-0.08970236613124204,-0.16366738366350797,-0.009795530355505734,0.6508600369421057,0.6843774081546201,-0.0335173712125144,-0.06159248840549981,-0.003478878003563099,0.15567765567765568,0.16418944800831828,-0.008511792330662621,-0.03866622308062033,0.019457843392122223,0.9761904761904762,0.9999354709832652,-0.02374499479278891,-0.035456162950474567,-0.013129913030123775,2.400204185398833,2.4825619612439334,0.009019985714944237,0.0016753954288019008,985.2710622710623,917.1003524031614
2.0,pooled,2220,2.032163410092704,1.9912660122789398,0.04089739781376401,-0.06804233342719053,0.15156181110650546,2.4406088769949057,2.3721439843242282,0.0684648926706771,-0.04370811485378828,0.17702985627718254,2.5172269585430596,2.4896594636861464,0.02756749485691307,-0.01368019846156453,0.07032546707786759,0.6762522081351405,0.6851020592896115,-0.00884985115447115,-0.023615104081702035,0.007494729699938952,0.16801801801801802,0.1668461346905087,0.0011718833275092984,-0.014296572846826007,0.01747484590817053,0.9797297297297297,0.9996708742931265,-0.01994114456339676,-0.02516659788052051,-0.014893805442613508,2.5239889759594374,2.491608535084163,0.006762017416377731,0.0019490713980168093,951.7081081081081,910.7899541945478
3.0,discovery,1095,2.9671245037074545,3.0038086273712925,-0.03668412366383756,-0.203837987123559,0.12827604572693907,2.526135425537805,2.416033291634598,0.11010213390320682,-0.05366142242071493,0.2733854896670303,2.677509264826802,2.5307230072597573,0.14678625756704436,0.08363897730072467,0.22132811810933278,0.5388901974455941,0.5270512640378012,0.011838933407792967,-0.004820783909460889,0.030747303898965517,0.058447488584474884,0.03153106894982466,0.02691641963465023,0.012820584742098125,0.043320219684698014,0.982648401826484,0.9998856182503443,-0.01723721642386026,-0.024471567477170383,-0.010677885806060494,2.683776370744475,2.5329484715683703,0.0062671059176731,0.002225464308613305,955.0392694063927,934.8946411605398
3.0,replication,345,3.3294261162480714,2.9887436367639073,0.3406824794841637,0.038980437533119056,0.658091040350861,2.6850223874943295,2.379613841362549,0.3054085461317803,0.019880311639701,0.6009682073845006,2.4716623496816377,2.5069362830340207,-0.035273933352383435,-0.14483693396912348,0.06937418794097369,0.4880693651145363,0.5233293253902721,-0.035259960275735865,-0.06775145345395428,-0.004269976936161118,0.020289855072463767,0.027052490779699755,-0.006762635707235986,-0.02044453420101093,0.007494372089736702,0.9768115942028985,0.9998188405797102,-0.023007246376811594,-0.03950949552797573,-0.008489690854665565,2.481098851547884,2.5085685469596664,0.009436501866246925,0.001632263925645413,1032.5942028985507,930.7827088759767
3.0,pooled,1440,3.0539259317119773,3.00019930670494,0.05372662500703772,-0.09287297901191023,0.20455619513149165,2.5642020935065553,2.407307798340253,0.15689429516630257,0.007732187215651073,0.31164599119928843,2.628191774739939,2.5250241045806745,0.10316767015926478,0.0460880721509805,0.16258573817216035,0.5267143730329449,0.526159549570164,0.0005548234627808525,-0.01436571008516608,0.015526442705081326,0.049305555555555554,0.030458076263232235,0.018847479292323326,0.0071367952198276696,0.03170474106586809,0.98125,0.9998696194334216,-0.018619619433421518,-0.025230027605690965,-0.012451580139210893,2.635218215103625,2.527107447964202,0.007026440363685577,0.0020833433835272474,973.6201388888888,933.9094907173632
