anchor,block,excl_last_hour,outcome,kind,slow_minus_fast,lo,hi
0.5,discovery,False,final_pnl,real,-0.01137895547335643,-0.26523304271097875,0.22363018400123738
0.5,discovery,False,final_pnl,null,-0.01255643410112102,-0.04021848938582665,0.01609690555104342
0.5,discovery,False,final_pnl,res,0.001177478627764595,-0.25320909924168294,0.23885242351253483
0.5,discovery,False,giveback,real,-0.2130934515414816,-0.3121451805389075,-0.1272720185156436
0.5,discovery,False,giveback,null,-0.09565898062764615,-0.1152946767979727,-0.07538177686736365
0.5,discovery,False,giveback,res,-0.11743447091383538,-0.21118215142472369,-0.02960472582842164
0.5,discovery,False,add_mfe,real,-0.22370326911892924,-0.5085930258468909,0.045555967994831296
0.5,discovery,False,add_mfe,null,-0.10744627683285841,-0.13940072177258167,-0.07578212831917581
0.5,discovery,False,add_mfe,res,-0.1162569922860708,-0.39666041518996825,0.1467686017144712
0.5,discovery,True,final_pnl,real,-0.018629727930257484,-0.2847524168369084,0.22431858898511314
0.5,discovery,True,final_pnl,null,-0.012680812315596228,-0.040137275185198926,0.015764874503473355
0.5,discovery,True,final_pnl,res,-0.00594891561466116,-0.2760824296460343,0.24289713408085076
0.5,discovery,True,giveback,real,-0.20560523732356745,-0.3041607149060272,-0.11398429861712173
0.5,discovery,True,giveback,null,-0.09425352401984277,-0.11285621441809414,-0.07533049137803281
0.5,discovery,True,giveback,res,-0.11135171330372472,-0.21300453111533707,-0.020722010341079757
0.5,discovery,True,add_mfe,real,-0.2250750533532506,-0.5077582098810822,0.0527780943251314
0.5,discovery,True,add_mfe,null,-0.10777442443486478,-0.14005537595010634,-0.07519271539445355
0.5,discovery,True,add_mfe,res,-0.11730062891838591,-0.3987485258837541,0.14582384497324627
0.5,replication,False,final_pnl,real,-0.01878636089296417,-0.3376054415183136,0.27825075731475646
0.5,replication,False,final_pnl,null,-0.03764235264984487,-0.08517117429326881,0.005272203878759141
0.5,replication,False,final_pnl,res,0.018855991756880693,-0.29116635995593837,0.31163222296401555
0.5,replication,False,giveback,real,-0.3570244598181014,-0.490432524807942,-0.23658887660330563
0.5,replication,False,giveback,null,-0.15094842287233948,-0.18263956327782063,-0.1194210204088515
0.5,replication,False,giveback,res,-0.206076036945762,-0.3504393041515449,-0.08239937753416675
0.5,replication,False,add_mfe,real,-0.36018870471585407,-0.6816287912370323,-0.040761735194979914
0.5,replication,False,add_mfe,null,-0.17296865952697246,-0.23261196024093123,-0.11585853421816034
0.5,replication,False,add_mfe,res,-0.18722004518888133,-0.5036514411031477,0.1347430751742419
0.5,replication,True,final_pnl,real,-0.02622779905336662,-0.3528582175988325,0.28823614509137935
0.5,replication,True,final_pnl,null,-0.03488017978858053,-0.08290769774781091,0.008109230292508686
0.5,replication,True,final_pnl,res,0.008652380735213778,-0.3253098186078897,0.31534570472289586
0.5,replication,True,giveback,real,-0.3326937653478089,-0.46843535718536067,-0.21079554460523808
0.5,replication,True,giveback,null,-0.14788748791215028,-0.1813072971366446,-0.11414948177839306
0.5,replication,True,giveback,res,-0.18480627743565858,-0.33428277745470625,-0.05906556531698124
0.5,replication,True,add_mfe,real,-0.34388536928857977,-0.6867287422916261,-0.00978726380988093
0.5,replication,True,add_mfe,null,-0.16773147258813445,-0.2261651763603922,-0.11219254404186786
0.5,replication,True,add_mfe,res,-0.17615389670044476,-0.503668370514194,0.16108903139284492
0.5,pooled,False,final_pnl,real,-0.010948250334249813,-0.2000216659065706,0.1801011957851057
0.5,pooled,False,final_pnl,null,-0.018566906498007456,-0.04290338516267987,0.005436238069768113
0.5,pooled,False,final_pnl,res,0.007618656163757663,-0.1810869539854823,0.20090308593649803
0.5,pooled,False,giveback,real,-0.25140459450126484,-0.32962057323093186,-0.17326353986836368
0.5,pooled,False,giveback,null,-0.10956469212471255,-0.1269319341964036,-0.09228094265594379
0.5,pooled,False,giveback,res,-0.1418399023765522,-0.22104037365821072,-0.06345396744716306
0.5,pooled,False,add_mfe,real,-0.25782267820484595,-0.4695489974259621,-0.06055157923148366
0.5,pooled,False,add_mfe,null,-0.12360143199205154,-0.15138424472967346,-0.09630919170302836
0.5,pooled,False,add_mfe,res,-0.13422124621279458,-0.3416021885509814,0.06483339279949357
0.5,pooled,True,final_pnl,real,-0.01865900196296869,-0.21262001675883285,0.17341427712889046
0.5,pooled,True,final_pnl,null,-0.018038242097989692,-0.043221719057683204,0.00588247351994936
0.5,pooled,True,final_pnl,res,-0.0006207598649789461,-0.19468512486759834,0.19619796487075508
0.5,pooled,True,giveback,real,-0.2386769942490373,-0.316345454629243,-0.1592014139518445
0.5,pooled,True,giveback,null,-0.10776010797657608,-0.12505978959196937,-0.09066664243182028
0.5,pooled,True,giveback,res,-0.13091688627246098,-0.2128150162239191,-0.05280553627251725
0.5,pooled,True,add_mfe,real,-0.25420684530970744,-0.46908275569918495,-0.050015874814470035
0.5,pooled,True,add_mfe,null,-0.1226691991722679,-0.15168986569896298,-0.09475890467523972
0.5,pooled,True,add_mfe,res,-0.13153764613743993,-0.34234425525476575,0.0732976259905176
1.0,discovery,False,final_pnl,real,-0.029044332236858702,-0.27771260992015834,0.20806604934971007
1.0,discovery,False,final_pnl,null,0.006043701569944672,-0.02707201292644685,0.03932905423513967
1.0,discovery,False,final_pnl,res,-0.03508803380680333,-0.29845619011930163,0.20216319301889782
1.0,discovery,False,giveback,real,-0.35750929550836913,-0.4585891352001632,-0.2580112033810011
1.0,discovery,False,giveback,null,-0.15004451652244716,-0.17883917537753402,-0.1262354395027209
1.0,discovery,False,giveback,res,-0.20746477898592167,-0.3057225418178815,-0.1099078646213045
1.0,discovery,False,add_mfe,real,-0.3648360409237556,-0.627853207601895,-0.11137798969649398
1.0,discovery,False,add_mfe,null,-0.12228322813103108,-0.16159896556220077,-0.0888386549940305
1.0,discovery,False,add_mfe,res,-0.24255281279272495,-0.49600703234802146,0.012877041852792549
1.0,discovery,True,final_pnl,real,-0.0554738910665142,-0.3168176601141596,0.18041242170470417
1.0,discovery,True,final_pnl,null,0.011338374712272609,-0.021043510098039883,0.044105434969190074
1.0,discovery,True,final_pnl,res,-0.06681226577878685,-0.34394586425285095,0.17544296478412802
1.0,discovery,True,giveback,real,-0.3244666283485838,-0.42451231841673814,-0.2278313660690081
1.0,discovery,True,giveback,null,-0.14508969133576238,-0.16880511550887023,-0.1232900731904781
1.0,discovery,True,giveback,res,-0.17937693701282115,-0.2748428337893216,-0.08190943580832305
1.0,discovery,True,add_mfe,real,-0.3595401696663441,-0.6362899357574585,-0.10740576987327431
1.0,discovery,True,add_mfe,null,-0.1133509668747361,-0.15163053290001288,-0.07894372700212349
1.0,discovery,True,add_mfe,res,-0.24618920279160797,-0.5179277918146581,0.01490786221109629
1.0,replication,False,final_pnl,real,0.01775344921125441,-0.49727622143815436,0.513367966837117
1.0,replication,False,final_pnl,null,0.03895878101174549,-0.0335493002356086,0.10941847653706552
1.0,replication,False,final_pnl,res,-0.02120533180049109,-0.5436005411693983,0.4653477143323457
1.0,replication,False,giveback,real,-0.5218184260259564,-0.6947166403375921,-0.35292613797995287
1.0,replication,False,giveback,null,-0.18232624501519942,-0.22366189634249756,-0.13987171022227302
1.0,replication,False,giveback,res,-0.33949218101075695,-0.5038434554762514,-0.18435563613761416
1.0,replication,False,add_mfe,real,-0.4870889882595463,-0.9435103741558459,-0.024215728439539487
1.0,replication,False,add_mfe,null,-0.12639147544829812,-0.2034759491007705,-0.051774098907322104
1.0,replication,False,add_mfe,res,-0.3606975128112481,-0.8791191997521479,0.12405505855408687
1.0,replication,True,final_pnl,real,0.025377539738958073,-0.5189023121634979,0.5256629693025572
1.0,replication,True,final_pnl,null,0.039168381576854365,-0.030392104318960472,0.10889682491532375
1.0,replication,True,final_pnl,res,-0.013790841837896391,-0.5487701664852317,0.4765737475617088
1.0,replication,True,giveback,real,-0.48889260635211396,-0.6666650873254626,-0.3173149480210896
1.0,replication,True,giveback,null,-0.17770101270094352,-0.21572778775000484,-0.13688717406249312
1.0,replication,True,giveback,res,-0.3111915936511703,-0.48443735068852034,-0.14987714584900563
1.0,replication,True,add_mfe,real,-0.4486857470196244,-0.9246484846031205,0.019817686260790265
1.0,replication,True,add_mfe,null,-0.12370331153055773,-0.20099291568759478,-0.04685694586329253
1.0,replication,True,add_mfe,res,-0.3249824354890667,-0.8404681029507384,0.15775253153447738
1.0,pooled,False,final_pnl,real,-0.012336394228967163,-0.22181569608881285,0.20270700903201644
1.0,pooled,False,final_pnl,null,0.014418721461232414,-0.018379686799033346,0.045474912032037025
1.0,pooled,False,final_pnl,res,-0.026755115690199553,-0.24091872541433162,0.19907793221182735
1.0,pooled,False,giveback,real,-0.39816347119016693,-0.4890189590814618,-0.30946503422247074
1.0,pooled,False,giveback,null,-0.1579686698514347,-0.18029823142332083,-0.13682860448862003
1.0,pooled,False,giveback,res,-0.24019480133873233,-0.3321835655326265,-0.1541769785556335
1.0,pooled,False,add_mfe,real,-0.38978327826382075,-0.605776456222525,-0.16123610346812547
1.0,pooled,False,add_mfe,null,-0.12283336123488907,-0.15722654220625737,-0.0902407282403284
1.0,pooled,False,add_mfe,res,-0.2669499170289319,-0.4882588649452368,-0.03705164804108042
1.0,pooled,True,final_pnl,real,-0.031514543585361716,-0.24663231473561897,0.18644435959083802
1.0,pooled,True,final_pnl,null,0.018491520377125287,-0.01376310540882554,0.0479896613499898
1.0,pooled,True,final_pnl,res,-0.05000606396248704,-0.27090296028398597,0.18108352658601362
1.0,pooled,True,giveback,real,-0.364279184956049,-0.4539880265950022,-0.27995649961446134
1.0,pooled,True,giveback,null,-0.15302588150657995,-0.17276012058176732,-0.13359842063670482
1.0,pooled,True,giveback,res,-0.21125330344946935,-0.3011009119450411,-0.12583246331707618
1.0,pooled,True,add_mfe,real,-0.3765488506729588,-0.6020960262080212,-0.14240568837568143
1.0,pooled,True,add_mfe,null,-0.11528948326100286,-0.14975821500586883,-0.08022844692211036
1.0,pooled,True,add_mfe,res,-0.2612593674119563,-0.4910595585099213,-0.02404703418659901
1.5,discovery,False,final_pnl,real,0.1597932586415235,-0.11996009892036055,0.42171652379574276
1.5,discovery,False,final_pnl,null,-0.039459046899389436,-0.07857956201969589,-0.0052530695640151965
1.5,discovery,False,final_pnl,res,0.19925230554091294,-0.08373106437474306,0.465761292829334
1.5,discovery,False,giveback,real,-0.4968264841916963,-0.620231310320986,-0.378570577145483
1.5,discovery,False,giveback,null,-0.19371869732246272,-0.22999663452908778,-0.1628724236461622
1.5,discovery,False,giveback,res,-0.3031077868692333,-0.42425516350204273,-0.18446834400780138
1.5,discovery,False,add_mfe,real,-0.3080534288493662,-0.5899237193811975,-0.04205034384858996
1.5,discovery,False,add_mfe,null,-0.20419794752104553,-0.25406554433645007,-0.15917225694339185
1.5,discovery,False,add_mfe,res,-0.10385548132832037,-0.38802278442741683,0.16160146636427372
1.5,discovery,True,final_pnl,real,0.16882918805338873,-0.11606921552573739,0.43612036540544746
1.5,discovery,True,final_pnl,null,-0.0322336604316937,-0.07205530335414562,0.002735237730370702
1.5,discovery,True,final_pnl,res,0.2010628484850824,-0.08802525164153213,0.47531299818770806
1.5,discovery,True,giveback,real,-0.46789321354398405,-0.5942439939872225,-0.34930224228506634
1.5,discovery,True,giveback,null,-0.19021714190097236,-0.22168978173697707,-0.1619600200242865
1.5,discovery,True,giveback,res,-0.2776760716430117,-0.3992794788324604,-0.1587679037221237
1.5,discovery,True,add_mfe,real,-0.2695571263773879,-0.5576109889919304,0.012991826982312035
1.5,discovery,True,add_mfe,null,-0.19294390321945806,-0.24286586295410237,-0.1476796028644683
1.5,discovery,True,add_mfe,res,-0.07661322315792936,-0.357520724897059,0.19303288598151117
1.5,replication,False,final_pnl,real,-0.01310932530742795,-0.5369353412762901,0.4424868220792103
1.5,replication,False,final_pnl,null,0.02918247244493844,-0.02571267471139025,0.0800575865564471
1.5,replication,False,final_pnl,res,-0.042291797752366696,-0.5545629173730581,0.4108734685550144
1.5,replication,False,giveback,real,-0.6287999357414168,-0.8301503677515659,-0.46430597931816997
1.5,replication,False,giveback,null,-0.2117627156726543,-0.2710278772164596,-0.15528107721831086
1.5,replication,False,giveback,res,-0.4170372200687625,-0.6170204452936046,-0.24842324973789853
1.5,replication,False,add_mfe,real,-0.6306025660227019,-1.1061710898577997,-0.2194421716848415
1.5,replication,False,add_mfe,null,-0.17127354820157242,-0.2514975464155112,-0.09046465132603834
1.5,replication,False,add_mfe,res,-0.45932901782112934,-0.9494554765804818,-0.04520306522247853
1.5,replication,True,final_pnl,real,-0.017179880574838845,-0.5452976401665283,0.4586130476971189
1.5,replication,True,final_pnl,null,0.03599831319669375,-0.020040208631203812,0.09150279480871207
1.5,replication,True,final_pnl,res,-0.053178193771532885,-0.5735196115693367,0.41787573787015425
1.5,replication,True,giveback,real,-0.6076038648128701,-0.8127289018029108,-0.4378984641221234
1.5,replication,True,giveback,null,-0.20877796485356723,-0.26846400877561905,-0.15069699027553365
1.5,replication,True,giveback,res,-0.3988258999593028,-0.5986128433388402,-0.2268366299034
1.5,replication,True,add_mfe,real,-0.6145609789404115,-1.0992820380560056,-0.18253043087676618
1.5,replication,True,add_mfe,null,-0.16255688520957526,-0.24425791279471853,-0.08000886244546074
1.5,replication,True,add_mfe,res,-0.4520040937308358,-0.9476179949100516,-0.020613820645131578
1.5,pooled,False,final_pnl,real,0.11872980574801298,-0.10140822070513522,0.3512921910969212
1.5,pooled,False,final_pnl,null,-0.022901632831331037,-0.05253410280212806,0.008498127276555884
1.5,pooled,False,final_pnl,res,0.14163143857934413,-0.08488347136136473,0.37696676367287535
1.5,pooled,False,giveback,real,-0.5288804594107341,-0.6300859867845781,-0.4279434644814228
1.5,pooled,False,giveback,null,-0.1984428745816336,-0.2273940382295385,-0.16992966678107357
1.5,pooled,False,giveback,res,-0.3304375848291,-0.43264188853466057,-0.2227275533354686
1.5,pooled,False,add_mfe,real,-0.38514648491886855,-0.5989381560434716,-0.14850735199531742
1.5,pooled,False,add_mfe,null,-0.19634033866911285,-0.23506736783532214,-0.15437832243386237
1.5,pooled,False,add_mfe,res,-0.18880614624975595,-0.40350691997357513,0.04252986016945779
1.5,pooled,True,final_pnl,real,0.12384036937482318,-0.10258337656497575,0.36322658449555284
1.5,pooled,True,final_pnl,null,-0.015513593841656901,-0.04624928582789671,0.01648554348690241
1.5,pooled,True,final_pnl,res,0.13935396321648005,-0.09300926547118699,0.37943976143638086
1.5,pooled,True,giveback,real,-0.5021044125544692,-0.6083293988915506,-0.39373931441792226
1.5,pooled,True,giveback,null,-0.1950514631001275,-0.2218349266876825,-0.1687415054751539
1.5,pooled,True,giveback,res,-0.30705294945434164,-0.4105785456844171,-0.1948936113044715
1.5,pooled,True,add_mfe,real,-0.3531999615625532,-0.5811776083765732,-0.11347957364192383
1.5,pooled,True,add_mfe,null,-0.18550097532469145,-0.2241936586778758,-0.1459331543456037
1.5,pooled,True,add_mfe,res,-0.1676989862378617,-0.3887796802502734,0.06428883829402121
2.0,discovery,False,final_pnl,real,0.19593780370163086,-0.18270679523115335,0.5392055595112565
2.0,discovery,False,final_pnl,null,-0.04548156088354012,-0.08220442254001904,-0.008920234204423373
2.0,discovery,False,final_pnl,res,0.24141936458517105,-0.14206730111847268,0.5910231105499483
2.0,discovery,False,giveback,real,-0.6801075374794983,-0.8239979788878367,-0.5368373040388525
2.0,discovery,False,giveback,null,-0.25681047385279393,-0.29610461074043315,-0.2236883029268819
2.0,discovery,False,giveback,res,-0.42329706362670433,-0.5604843895441005,-0.283174238823124
2.0,discovery,False,add_mfe,real,-0.4480337045701739,-0.8150757048671411,-0.09979132297121104
2.0,discovery,False,add_mfe,null,-0.2661560055286409,-0.31299465566920454,-0.2226986552419316
2.0,discovery,False,add_mfe,res,-0.18187769904153336,-0.5416878376426147,0.16528417017449853
2.0,discovery,True,final_pnl,real,0.19776750438709795,-0.1911531357523169,0.5396076356099079
2.0,discovery,True,final_pnl,null,-0.043325067669183814,-0.08396682007995511,-0.006362186523858079
2.0,discovery,True,final_pnl,res,0.241092572056282,-0.15000508205294769,0.6019651997570901
2.0,discovery,True,giveback,real,-0.6332298589892247,-0.7701579920893691,-0.5029107674885948
2.0,discovery,True,giveback,null,-0.24360659403943297,-0.2762283033253169,-0.21515811719294528
2.0,discovery,True,giveback,res,-0.38962326494979155,-0.5298088443148748,-0.2580374452373474
2.0,discovery,True,add_mfe,real,-0.4050854456573045,-0.7722808841506332,-0.04716296987007488
2.0,discovery,True,add_mfe,null,-0.2565547527637952,-0.302156822287473,-0.21287231738655724
2.0,discovery,True,add_mfe,res,-0.14853069289350962,-0.5163715302076688,0.21281649276857653
2.0,replication,False,final_pnl,real,0.0032035501620863724,-0.5280044924423681,0.5231091582633546
2.0,replication,False,final_pnl,null,0.030686331322439392,-0.04368083961718815,0.11055534627747218
2.0,replication,False,final_pnl,res,-0.027482781160353555,-0.5719090385764832,0.4905830652417266
2.0,replication,False,giveback,real,-0.8053663831544382,-1.0546510588332552,-0.572435907066009
2.0,replication,False,giveback,null,-0.26260243049477605,-0.32565029379755206,-0.19413688038426508
2.0,replication,False,giveback,res,-0.5427639526596617,-0.7903922634015941,-0.32358963869397345
2.0,replication,False,add_mfe,real,-0.7950023478603135,-1.3155910811642066,-0.3064204846603681
2.0,replication,False,add_mfe,null,-0.2247556140402978,-0.3074383704038345,-0.13715979052705554
2.0,replication,False,add_mfe,res,-0.5702467338200155,-1.0879193479612494,-0.0924227886032523
2.0,replication,True,final_pnl,real,0.0022641707009704104,-0.5399636955893942,0.5307608818671304
2.0,replication,True,final_pnl,null,0.04137567378838723,-0.033161621667233715,0.11999576975662579
2.0,replication,True,final_pnl,res,-0.03911150308741745,-0.5883067115125178,0.48654956906087216
2.0,replication,True,giveback,real,-0.7854617999489224,-1.0420760150683734,-0.5538111696546164
2.0,replication,True,giveback,null,-0.261854582019826,-0.32391381261724084,-0.1936872983295249
2.0,replication,True,giveback,res,-0.5236072179290959,-0.7846373261664327,-0.30112667702666024
2.0,replication,True,add_mfe,real,-0.777734024162751,-1.3074453607632834,-0.27417745306011
2.0,replication,True,add_mfe,null,-0.21501530314623726,-0.2980098857224675,-0.12766609390586206
2.0,replication,True,add_mfe,res,-0.5627187210165135,-1.0823855763679253,-0.07590592538207494
2.0,pooled,False,final_pnl,real,0.14947694823318824,-0.1509874767222063,0.45882478178317243
2.0,pooled,False,final_pnl,null,-0.027190480037605064,-0.06008380233010819,0.009097016846898759
2.0,pooled,False,final_pnl,res,0.1766674282707936,-0.12781704952939188,0.48758870884165867
2.0,pooled,False,giveback,real,-0.7100649657968994,-0.8422982157838699,-0.5956899053908572
2.0,pooled,False,giveback,null,-0.2580799972494333,-0.28930955801733216,-0.22657636447929658
2.0,pooled,False,giveback,res,-0.4519849685474655,-0.5820613748757454,-0.3410659284319685
2.0,pooled,False,add_mfe,real,-0.5314749002613215,-0.8169094193006007,-0.2512953456613392
2.0,pooled,False,add_mfe,null,-0.2561573599846495,-0.29543758585192964,-0.2155585807035582
2.0,pooled,False,add_mfe,res,-0.27531754027667193,-0.5596817125108602,0.021332319015790694
2.0,pooled,True,final_pnl,real,0.14924216849582683,-0.15736059164908842,0.46522508627262193
2.0,pooled,True,final_pnl,null,-0.022591766790611756,-0.055801590161125084,0.015322944093939903
2.0,pooled,True,final_pnl,res,0.17183393528643873,-0.14077288517632902,0.49609873847619224
2.0,pooled,True,giveback,real,-0.6705159491834808,-0.7935382416809786,-0.5568323977016456
2.0,pooled,True,giveback,null,-0.24794040140742982,-0.27526200793497413,-0.21912868318096426
2.0,pooled,True,giveback,res,-0.4225755477760503,-0.5489370466568958,-0.31533306008847667
2.0,pooled,True,add_mfe,real,-0.4970775376339136,-0.7915203787889865,-0.2135581990863097
2.0,pooled,True,add_mfe,null,-0.24633592514430191,-0.28555091681908645,-0.2067429510979554
2.0,pooled,True,add_mfe,res,-0.25074161248961163,-0.5443943567456863,0.045545777820708136
3.0,discovery,False,final_pnl,real,0.15996679021084417,-0.2619100688441586,0.5861998624888888
3.0,discovery,False,final_pnl,null,-0.029688452168956898,-0.09669955159868986,0.034221927060738115
3.0,discovery,False,final_pnl,res,0.1896552423798005,-0.2474001906453719,0.6399928216807561
3.0,discovery,False,giveback,real,-0.908453115847698,-1.112680134830004,-0.7101020964940241
3.0,discovery,False,giveback,null,-0.3384771595157785,-0.3797189981272514,-0.29446357607588425
3.0,discovery,False,giveback,res,-0.5699759563319197,-0.76482428900315,-0.3865953764514899
3.0,discovery,False,add_mfe,real,-0.6808418011584675,-1.1216518010944119,-0.26943347648955446
3.0,discovery,False,add_mfe,null,-0.3005210872063487,-0.3674236039362103,-0.229369432856812
3.0,discovery,False,add_mfe,res,-0.38032071395211936,-0.8275529839145923,0.04985369994192376
3.0,discovery,True,final_pnl,real,0.09099263779372013,-0.3380469085303611,0.5232884211518074
3.0,discovery,True,final_pnl,null,-0.03568896499786689,-0.09826765675928205,0.02485664570437512
3.0,discovery,True,final_pnl,res,0.1266816027915876,-0.316305607286355,0.551884133083271
3.0,discovery,True,giveback,real,-0.8506738500108016,-1.046602276144733,-0.6629192666539909
3.0,discovery,True,giveback,null,-0.3192547010121926,-0.36015446625422576,-0.2765629231361482
3.0,discovery,True,giveback,res,-0.531419148998609,-0.7202960904298427,-0.3569745612858918
3.0,discovery,True,add_mfe,real,-0.7047574833378446,-1.1425544753658423,-0.2748732991632302
3.0,discovery,True,add_mfe,null,-0.30001993713082353,-0.3625372450759491,-0.232769662106479
3.0,discovery,True,add_mfe,res,-0.4047375462070215,-0.8622340563307095,0.0346791678109545
3.0,replication,False,final_pnl,real,-0.0564550783190943,-0.7530713570291069,0.597411832448418
3.0,replication,False,final_pnl,null,-0.058613202705778245,-0.14713612977025023,0.04489808387887418
3.0,replication,False,final_pnl,res,0.0021581243866841487,-0.7299162473025285,0.6625621455762546
3.0,replication,False,giveback,real,-1.1056035162814553,-1.4236476158080298,-0.8331732364893633
3.0,replication,False,giveback,null,-0.38367330033605906,-0.4507683017144604,-0.31976363007009084
3.0,replication,False,giveback,res,-0.7219302159453962,-1.0426031779750273,-0.45241043986705787
3.0,replication,False,add_mfe,real,-1.1295129472143204,-1.837512235513655,-0.4896701526714488
3.0,replication,False,add_mfe,null,-0.4097408556556085,-0.5231549726924642,-0.29576252231621386
3.0,replication,False,add_mfe,res,-0.7197720915587122,-1.430038065875175,-0.11423699296427176
3.0,replication,True,final_pnl,real,-0.05175434260255344,-0.7597887460018004,0.60483462753521
3.0,replication,True,final_pnl,null,-0.05689640859252075,-0.145308636335309,0.04404867030454496
3.0,replication,True,final_pnl,res,0.0051420659899675146,-0.7337214988736944,0.6645072216815767
3.0,replication,True,giveback,real,-1.0752790670322945,-1.4021416854276192,-0.8040062884085777
3.0,replication,True,giveback,null,-0.3819053630097582,-0.4482581749577937,-0.31753446683058123
3.0,replication,True,giveback,res,-0.6933737040225362,-1.0263123369013019,-0.4233295612657453
3.0,replication,True,add_mfe,real,-1.0957492307402703,-1.8246380810386065,-0.44750425576127206
3.0,replication,True,add_mfe,null,-0.40751759270770166,-0.5154035707072584,-0.2962981768026857
3.0,replication,True,add_mfe,res,-0.6882316380325688,-1.4128551584493707,-0.05607091310158734
3.0,pooled,False,final_pnl,real,0.11359277318094933,-0.2540681579887348,0.48713197759760374
3.0,pooled,False,final_pnl,null,-0.03582326174826923,-0.08903230683967438,0.014804320804284664
3.0,pooled,False,final_pnl,res,0.14941603492921862,-0.2195828292856447,0.5255469110938051
3.0,pooled,False,giveback,real,-0.9609058230456947,-1.133489895358624,-0.7933097854461189
3.0,pooled,False,giveback,null,-0.34874258603440056,-0.38605965020952987,-0.31132339405934983
3.0,pooled,False,giveback,res,-0.612163237011294,-0.7766534779513378,-0.4658959373055556
3.0,pooled,False,add_mfe,real,-0.7876409825547841,-1.1582124022446578,-0.42523440271027674
3.0,pooled,False,add_mfe,null,-0.32489378047270867,-0.3834786179935935,-0.26496803353152804
3.0,pooled,False,add_mfe,res,-0.46274720208207537,-0.8486010701729068,-0.08241502366157644
3.0,pooled,True,final_pnl,real,0.056767727263378726,-0.2992760590892277,0.42578450743611196
3.0,pooled,True,final_pnl,null,-0.039902202446444074,-0.09292211196735459,0.010017510813481319
3.0,pooled,True,final_pnl,res,0.09666992970982252,-0.2699139781987771,0.47682247978596587
3.0,pooled,True,giveback,real,-0.9071051342168885,-1.070246399070179,-0.7426204859194196
3.0,pooled,True,giveback,null,-0.33388259693009487,-0.3729789368172708,-0.2989775410883722
3.0,pooled,True,giveback,res,-0.5732225372867934,-0.7336618270768849,-0.4291512615103534
3.0,pooled,True,add_mfe,real,-0.8013112011426613,-1.1794808893296225,-0.43898352687706416
3.0,pooled,True,add_mfe,null,-0.32475859356569026,-0.3828781820636593,-0.26688100702530776
3.0,pooled,True,add_mfe,res,-0.47655260757697104,-0.8731302351481831,-0.0875329349447465
